original_image,crop_filename,split,class_id,class_name,bbox_x1,bbox_y1,bbox_x2,bbox_y2,source
IML_Malaria\PA171690.JPG,PA171690_crop_000.png,test,0,ring,826,144,905,211,ground_truth
IML_Malaria\PA171690.JPG,PA171690_crop_001.png,test,1,gametocyte,1090,375,1170,447,ground_truth
IML_Malaria\PA171690.JPG,PA171690_crop_002.png,test,1,gametocyte,485,144,569,226,ground_truth
IML_Malaria\PA171691.JPG,PA171691_crop_000.png,train,1,gametocyte,293,809,373,875,ground_truth
IML_Malaria\PA171691.JPG,PA171691_crop_001.png,train,0,ring,27,566,102,636,ground_truth
IML_Malaria\PA171691.JPG,PA171691_crop_002.png,train,0,ring,957,711,1030,791,ground_truth
IML_Malaria\PA171691.JPG,PA171691_crop_003.png,train,2,trophozoite,780,352,861,427,ground_truth
IML_Malaria\PA171692.JPG,PA171692_crop_000.png,val,0,ring,437,771,522,849,ground_truth
IML_Malaria\PA171692.JPG,PA171692_crop_001.png,val,1,gametocyte,881,87,950,176,ground_truth
IML_Malaria\PA171693.JPG,PA171693_crop_000.png,val,1,gametocyte,510,472,597,548,ground_truth
IML_Malaria\PA171693.JPG,PA171693_crop_001.png,val,0,ring,205,716,280,784,ground_truth
IML_Malaria\PA171695.JPG,PA171695_crop_000.png,train,1,gametocyte,484,417,564,500,ground_truth
IML_Malaria\PA171695.JPG,PA171695_crop_001.png,train,1,gametocyte,739,427,817,505,ground_truth
IML_Malaria\PA171695.JPG,PA171695_crop_002.png,train,0,ring,1074,624,1137,694,ground_truth
IML_Malaria\PA171696.JPG,PA171696_crop_000.png,train,1,gametocyte,762,187,841,287,ground_truth
IML_Malaria\PA171696.JPG,PA171696_crop_001.png,train,2,trophozoite,474,616,573,703,ground_truth
IML_Malaria\PA171697.JPG,PA171697_crop_000.png,val,1,gametocyte,177,315,257,404,ground_truth
IML_Malaria\PA171697.JPG,PA171697_crop_001.png,val,1,gametocyte,810,705,880,787,ground_truth
IML_Malaria\PA171697.JPG,PA171697_crop_002.png,val,1,gametocyte,902,347,1008,440,ground_truth
IML_Malaria\PA171698.JPG,PA171698_crop_000.png,train,1,gametocyte,179,317,255,398,ground_truth
IML_Malaria\PA171698.JPG,PA171698_crop_001.png,train,3,schizont,817,708,883,783,ground_truth
IML_Malaria\PA171698.JPG,PA171698_crop_002.png,train,3,schizont,912,345,1009,435,ground_truth
IML_Malaria\PA171699.JPG,PA171699_crop_000.png,train,0,ring,463,545,546,616,ground_truth
IML_Malaria\PA171699.JPG,PA171699_crop_001.png,train,0,ring,811,501,883,572,ground_truth
IML_Malaria\PA171700.JPG,PA171700_crop_000.png,val,1,gametocyte,834,450,907,567,ground_truth
IML_Malaria\PA171700.JPG,PA171700_crop_001.png,val,1,gametocyte,397,591,476,669,ground_truth
IML_Malaria\PA171702.JPG,PA171702_crop_000.png,train,0,ring,531,535,619,604,ground_truth
IML_Malaria\PA171703.JPG,PA171703_crop_000.png,train,1,gametocyte,1005,647,1092,734,ground_truth
IML_Malaria\PA171703.JPG,PA171703_crop_001.png,train,1,gametocyte,1137,322,1221,395,ground_truth
IML_Malaria\PA171703.JPG,PA171703_crop_002.png,train,0,ring,1181,424,1260,497,ground_truth
IML_Malaria\PA171704.JPG,PA171704_crop_000.png,train,0,ring,573,145,648,212,ground_truth
IML_Malaria\PA171704.JPG,PA171704_crop_001.png,train,0,ring,744,248,819,313,ground_truth
IML_Malaria\PA171704.JPG,PA171704_crop_002.png,train,1,gametocyte,397,368,489,450,ground_truth
IML_Malaria\PA171704.JPG,PA171704_crop_003.png,train,1,gametocyte,617,711,704,814,ground_truth
IML_Malaria\PA171704.JPG,PA171704_crop_004.png,train,1,gametocyte,527,35,607,113,ground_truth
IML_Malaria\PA171705.JPG,PA171705_crop_000.png,train,1,gametocyte,585,867,659,939,ground_truth
IML_Malaria\PA171705.JPG,PA171705_crop_001.png,train,1,gametocyte,590,163,675,247,ground_truth
IML_Malaria\PA171705.JPG,PA171705_crop_002.png,train,1,gametocyte,282,823,365,901,ground_truth
IML_Malaria\PA171705.JPG,PA171705_crop_003.png,train,0,ring,392,276,475,350,ground_truth
IML_Malaria\PA171706.JPG,PA171706_crop_000.png,val,1,gametocyte,583,322,663,396,ground_truth
IML_Malaria\PA171706.JPG,PA171706_crop_001.png,val,2,trophozoite,608,675,700,758,ground_truth
IML_Malaria\PA171706.JPG,PA171706_crop_002.png,val,2,trophozoite,290,285,375,361,ground_truth
IML_Malaria\PA171707.JPG,PA171707_crop_000.png,train,2,trophozoite,617,94,704,179,ground_truth
IML_Malaria\PA171707.JPG,PA171707_crop_001.png,train,1,gametocyte,412,401,499,475,ground_truth
IML_Malaria\PA171707.JPG,PA171707_crop_002.png,train,0,ring,936,895,1003,960,ground_truth
IML_Malaria\PA171710.JPG,PA171710_crop_000.png,train,0,ring,780,327,854,415,ground_truth
IML_Malaria\PA171714.JPG,PA171714_crop_000.png,test,0,ring,177,444,258,519,ground_truth
IML_Malaria\PA171714.JPG,PA171714_crop_001.png,test,1,gametocyte,566,519,651,594,ground_truth
IML_Malaria\PA171714.JPG,PA171714_crop_002.png,test,1,gametocyte,795,629,870,705,ground_truth
IML_Malaria\PA171715.JPG,PA171715_crop_000.png,train,1,gametocyte,487,339,571,416,ground_truth
IML_Malaria\PA171716.JPG,PA171716_crop_000.png,train,0,ring,522,290,608,367,ground_truth
IML_Malaria\PA171716.JPG,PA171716_crop_001.png,train,1,gametocyte,857,435,950,529,ground_truth
IML_Malaria\PA171718.JPG,PA171718_crop_000.png,train,1,gametocyte,616,458,686,542,ground_truth
IML_Malaria\PA171719.JPG,PA171719_crop_000.png,train,0,ring,451,279,520,344,ground_truth
IML_Malaria\PA171719.JPG,PA171719_crop_001.png,train,0,ring,693,731,781,824,ground_truth
IML_Malaria\PA171721.JPG,PA171721_crop_000.png,train,1,gametocyte,540,528,614,618,ground_truth
IML_Malaria\PA171721.JPG,PA171721_crop_001.png,train,0,ring,922,288,994,354,ground_truth
IML_Malaria\PA171722.JPG,PA171722_crop_000.png,train,0,ring,776,571,850,643,ground_truth
IML_Malaria\PA171722.JPG,PA171722_crop_001.png,train,1,gametocyte,396,812,468,900,ground_truth
IML_Malaria\PA171724.JPG,PA171724_crop_000.png,val,1,gametocyte,556,430,624,519,ground_truth
IML_Malaria\PA171725.JPG,PA171725_crop_000.png,test,1,gametocyte,255,491,344,587,ground_truth
IML_Malaria\PA171725.JPG,PA171725_crop_001.png,test,1,gametocyte,987,298,1073,376,ground_truth
IML_Malaria\PA171726.JPG,PA171726_crop_000.png,val,1,gametocyte,685,163,756,247,ground_truth
IML_Malaria\PA171727.JPG,PA171727_crop_000.png,test,1,gametocyte,396,496,469,570,ground_truth
IML_Malaria\PA171727.JPG,PA171727_crop_001.png,test,1,gametocyte,576,660,658,731,ground_truth
IML_Malaria\PA171728.JPG,PA171728_crop_000.png,train,0,ring,555,508,629,606,ground_truth
IML_Malaria\PA171729.JPG,PA171729_crop_000.png,train,1,gametocyte,767,503,862,582,ground_truth
IML_Malaria\PA171730.JPG,PA171730_crop_000.png,train,1,gametocyte,437,461,533,543,ground_truth
IML_Malaria\PA171731.JPG,PA171731_crop_000.png,train,1,gametocyte,806,455,897,552,ground_truth
IML_Malaria\PA171731.JPG,PA171731_crop_001.png,train,1,gametocyte,445,0,531,71,ground_truth
IML_Malaria\PA171732.JPG,PA171732_crop_000.png,train,1,gametocyte,504,446,588,532,ground_truth
IML_Malaria\PA171733.JPG,PA171733_crop_000.png,train,0,ring,666,455,739,528,ground_truth
IML_Malaria\PA171734.JPG,PA171734_crop_000.png,train,0,ring,675,37,745,109,ground_truth
IML_Malaria\PA171736.JPG,PA171736_crop_000.png,train,1,gametocyte,497,430,580,525,ground_truth
IML_Malaria\PA171736.JPG,PA171736_crop_001.png,train,1,gametocyte,1022,589,1113,680,ground_truth
IML_Malaria\PA171737.JPG,PA171737_crop_000.png,train,1,gametocyte,276,576,364,666,ground_truth
IML_Malaria\PA171737.JPG,PA171737_crop_001.png,train,1,gametocyte,421,872,512,955,ground_truth
IML_Malaria\PA171738.JPG,PA171738_crop_000.png,test,0,ring,497,557,575,626,ground_truth
IML_Malaria\PA171739.JPG,PA171739_crop_000.png,train,1,gametocyte,880,441,966,526,ground_truth
IML_Malaria\PA171741.JPG,PA171741_crop_000.png,val,1,gametocyte,697,411,775,523,ground_truth
IML_Malaria\PA171742.JPG,PA171742_crop_000.png,train,0,ring,610,338,685,427,ground_truth
IML_Malaria\PA171742.JPG,PA171742_crop_001.png,train,0,ring,109,424,188,508,ground_truth
IML_Malaria\PA171742.JPG,PA171742_crop_002.png,train,0,ring,694,220,763,295,ground_truth
IML_Malaria\PA171743.JPG,PA171743_crop_000.png,train,0,ring,188,595,260,680,ground_truth
IML_Malaria\PA171743.JPG,PA171743_crop_001.png,train,0,ring,722,427,803,513,ground_truth
IML_Malaria\PA171743.JPG,PA171743_crop_002.png,train,2,trophozoite,1224,342,1280,432,ground_truth
IML_Malaria\PA171744.JPG,PA171744_crop_000.png,val,2,trophozoite,716,599,790,687,ground_truth
IML_Malaria\PA171745.JPG,PA171745_crop_000.png,train,1,gametocyte,703,518,784,609,ground_truth
IML_Malaria\PA171746.JPG,PA171746_crop_000.png,train,1,gametocyte,734,420,820,500,ground_truth
IML_Malaria\PA171746.JPG,PA171746_crop_001.png,train,0,ring,260,834,337,935,ground_truth
IML_Malaria\PA171748.JPG,PA171748_crop_000.png,train,0,ring,827,819,908,913,ground_truth
IML_Malaria\PA171748.JPG,PA171748_crop_001.png,train,1,gametocyte,419,456,504,548,ground_truth
IML_Malaria\PA171751.JPG,PA171751_crop_000.png,train,2,trophozoite,445,247,531,327,ground_truth
IML_Malaria\PA171751.JPG,PA171751_crop_001.png,train,2,trophozoite,312,255,379,347,ground_truth
IML_Malaria\PA171751.JPG,PA171751_crop_002.png,train,1,gametocyte,1106,22,1184,116,ground_truth
IML_Malaria\PA171752.JPG,PA171752_crop_000.png,train,1,gametocyte,518,408,601,529,ground_truth
IML_Malaria\PA171752.JPG,PA171752_crop_001.png,train,1,gametocyte,937,365,1025,464,ground_truth
IML_Malaria\PA171753.JPG,PA171753_crop_000.png,train,1,gametocyte,972,351,1074,440,ground_truth
IML_Malaria\PA171754.JPG,PA171754_crop_000.png,val,1,gametocyte,722,533,812,633,ground_truth
IML_Malaria\PA171755.JPG,PA171755_crop_000.png,train,0,ring,807,255,886,361,ground_truth
IML_Malaria\PA171756.JPG,PA171756_crop_000.png,val,0,ring,714,409,799,484,ground_truth
IML_Malaria\PA171756.JPG,PA171756_crop_001.png,val,0,ring,371,0,451,57,ground_truth
IML_Malaria\PA171757.JPG,PA171757_crop_000.png,val,0,ring,491,396,563,481,ground_truth
IML_Malaria\PA171757.JPG,PA171757_crop_001.png,val,1,gametocyte,393,564,469,652,ground_truth
IML_Malaria\PA171758.JPG,PA171758_crop_000.png,test,1,gametocyte,738,613,822,695,ground_truth
IML_Malaria\PA171759.JPG,PA171759_crop_000.png,train,0,ring,645,397,715,472,ground_truth
IML_Malaria\PA171760.JPG,PA171760_crop_000.png,val,1,gametocyte,672,607,766,689,ground_truth
IML_Malaria\PA171761.JPG,PA171761_crop_000.png,train,1,gametocyte,664,188,763,268,ground_truth
IML_Malaria\PA171762.JPG,PA171762_crop_000.png,train,1,gametocyte,555,315,646,406,ground_truth
IML_Malaria\PA171763.JPG,PA171763_crop_000.png,val,1,gametocyte,139,306,227,401,ground_truth
IML_Malaria\PA171763.JPG,PA171763_crop_001.png,val,0,ring,607,374,677,472,ground_truth
IML_Malaria\PA171764.JPG,PA171764_crop_000.png,train,0,ring,591,808,660,904,ground_truth
IML_Malaria\PA171764.JPG,PA171764_crop_001.png,train,0,ring,311,255,396,330,ground_truth
IML_Malaria\PA171764.JPG,PA171764_crop_002.png,train,1,gametocyte,575,404,655,508,ground_truth
IML_Malaria\PA171765.JPG,PA171765_crop_000.png,test,1,gametocyte,685,493,778,584,ground_truth
IML_Malaria\PA171766.JPG,PA171766_crop_000.png,train,0,ring,588,496,667,572,ground_truth
IML_Malaria\PA171767.JPG,PA171767_crop_000.png,val,1,gametocyte,536,557,632,644,ground_truth
IML_Malaria\PA171768.JPG,PA171768_crop_000.png,train,1,gametocyte,734,398,828,478,ground_truth
IML_Malaria\PA171769.JPG,PA171769_crop_000.png,train,1,gametocyte,736,799,827,884,ground_truth
IML_Malaria\PA171769.JPG,PA171769_crop_001.png,train,0,ring,815,567,912,630,ground_truth
IML_Malaria\PA171770.JPG,PA171770_crop_000.png,train,0,ring,473,486,547,557,ground_truth
IML_Malaria\PA171770.JPG,PA171770_crop_001.png,train,0,ring,328,801,408,881,ground_truth
IML_Malaria\PA171771.JPG,PA171771_crop_000.png,test,1,gametocyte,764,674,854,771,ground_truth
IML_Malaria\PA171771.JPG,PA171771_crop_001.png,test,1,gametocyte,995,525,1076,626,ground_truth
IML_Malaria\PA171771.JPG,PA171771_crop_002.png,test,2,trophozoite,470,351,551,453,ground_truth
IML_Malaria\PA171772.JPG,PA171772_crop_000.png,test,1,gametocyte,756,660,846,761,ground_truth
IML_Malaria\PA171772.JPG,PA171772_crop_001.png,test,1,gametocyte,980,508,1076,611,ground_truth
IML_Malaria\PA171772.JPG,PA171772_crop_002.png,test,2,trophozoite,457,339,542,438,ground_truth
IML_Malaria\PA171772.JPG,PA171772_crop_003.png,test,0,ring,383,752,467,831,ground_truth
IML_Malaria\PA171773.JPG,PA171773_crop_000.png,val,1,gametocyte,738,711,827,799,ground_truth
IML_Malaria\PA171774.JPG,PA171774_crop_000.png,train,1,gametocyte,739,560,835,638,ground_truth
IML_Malaria\PA171775.JPG,PA171775_crop_000.png,train,1,gametocyte,657,313,739,408,ground_truth
IML_Malaria\PA171776.JPG,PA171776_crop_000.png,train,1,gametocyte,576,618,648,716,ground_truth
IML_Malaria\PA171776.JPG,PA171776_crop_001.png,train,0,ring,613,426,689,538,ground_truth
IML_Malaria\PA171777.JPG,PA171777_crop_000.png,val,0,ring,562,457,637,554,ground_truth
IML_Malaria\PA171778.JPG,PA171778_crop_000.png,train,1,gametocyte,572,532,665,621,ground_truth
IML_Malaria\PA171779.JPG,PA171779_crop_000.png,val,1,gametocyte,723,347,819,434,ground_truth
IML_Malaria\PA171779.JPG,PA171779_crop_001.png,val,0,ring,769,593,861,665,ground_truth
IML_Malaria\PA171779.JPG,PA171779_crop_002.png,val,1,gametocyte,389,579,481,665,ground_truth
IML_Malaria\PA171780.JPG,PA171780_crop_000.png,train,0,ring,509,683,585,770,ground_truth
IML_Malaria\PA171780.JPG,PA171780_crop_001.png,train,1,gametocyte,562,125,659,222,ground_truth
IML_Malaria\PA171780.JPG,PA171780_crop_002.png,train,0,ring,941,141,1037,219,ground_truth
IML_Malaria\PA171781.JPG,PA171781_crop_000.png,train,1,gametocyte,539,556,629,637,ground_truth
IML_Malaria\PA171781.JPG,PA171781_crop_001.png,train,0,ring,517,133,590,218,ground_truth
IML_Malaria\PA171782.JPG,PA171782_crop_000.png,val,1,gametocyte,627,456,747,535,ground_truth
IML_Malaria\PA171783.JPG,PA171783_crop_000.png,test,1,gametocyte,791,431,895,497,ground_truth
IML_Malaria\PA171784.JPG,PA171784_crop_000.png,test,1,gametocyte,566,401,652,491,ground_truth
IML_Malaria\PA171784.JPG,PA171784_crop_001.png,test,0,ring,165,520,257,594,ground_truth
IML_Malaria\PA171784.JPG,PA171784_crop_002.png,test,0,ring,895,713,975,786,ground_truth
IML_Malaria\PA171785.JPG,PA171785_crop_000.png,train,0,ring,173,64,265,132,ground_truth
IML_Malaria\PA171786.JPG,PA171786_crop_000.png,train,1,gametocyte,910,379,1022,463,ground_truth
IML_Malaria\PA171787.JPG,PA171787_crop_000.png,train,2,trophozoite,507,306,610,371,ground_truth
IML_Malaria\PA171788.JPG,PA171788_crop_000.png,train,1,gametocyte,706,512,803,598,ground_truth
IML_Malaria\PA171789.JPG,PA171789_crop_000.png,train,1,gametocyte,661,642,760,731,ground_truth
IML_Malaria\PA171790.JPG,PA171790_crop_000.png,train,1,gametocyte,670,7,768,86,ground_truth
IML_Malaria\PA171790.JPG,PA171790_crop_001.png,train,0,ring,472,484,569,572,ground_truth
IML_Malaria\PA171791.JPG,PA171791_crop_000.png,train,1,gametocyte,397,469,487,552,ground_truth
IML_Malaria\PA171791.JPG,PA171791_crop_001.png,train,1,gametocyte,639,657,739,748,ground_truth
IML_Malaria\PA171792.JPG,PA171792_crop_000.png,train,0,ring,648,467,733,557,ground_truth
IML_Malaria\PA171792.JPG,PA171792_crop_001.png,train,1,gametocyte,866,247,966,372,ground_truth
IML_Malaria\PA171793.JPG,PA171793_crop_000.png,test,2,trophozoite,734,438,824,537,ground_truth
IML_Malaria\PA171793.JPG,PA171793_crop_001.png,test,1,gametocyte,23,376,118,466,ground_truth
IML_Malaria\PA171794.JPG,PA171794_crop_000.png,train,1,gametocyte,592,830,685,918,ground_truth
IML_Malaria\PA171794.JPG,PA171794_crop_001.png,train,1,gametocyte,932,145,1019,228,ground_truth
IML_Malaria\PA171795.JPG,PA171795_crop_000.png,train,1,gametocyte,695,816,792,914,ground_truth
IML_Malaria\PA171796.JPG,PA171796_crop_000.png,train,0,ring,580,587,668,688,ground_truth
IML_Malaria\PA171796.JPG,PA171796_crop_001.png,train,0,ring,966,728,1042,809,ground_truth
IML_Malaria\PA171797.JPG,PA171797_crop_000.png,test,1,gametocyte,554,445,649,534,ground_truth
IML_Malaria\PA171798.JPG,PA171798_crop_000.png,train,2,trophozoite,938,437,1018,540,ground_truth
IML_Malaria\PA171799.JPG,PA171799_crop_000.png,test,1,gametocyte,598,510,688,592,ground_truth
IML_Malaria\PA171800.JPG,PA171800_crop_000.png,train,0,ring,983,500,1064,584,ground_truth
IML_Malaria\PA171800.JPG,PA171800_crop_001.png,train,1,gametocyte,768,818,844,893,ground_truth
IML_Malaria\PA171800.JPG,PA171800_crop_002.png,train,1,gametocyte,766,725,857,801,ground_truth
IML_Malaria\PA171801.JPG,PA171801_crop_000.png,train,0,ring,629,493,715,578,ground_truth
IML_Malaria\PA171801.JPG,PA171801_crop_001.png,train,1,gametocyte,412,815,491,891,ground_truth
IML_Malaria\PA171801.JPG,PA171801_crop_002.png,train,1,gametocyte,410,722,503,794,ground_truth
IML_Malaria\PA171802.JPG,PA171802_crop_000.png,train,1,gametocyte,808,501,905,598,ground_truth
IML_Malaria\PA171802.JPG,PA171802_crop_001.png,train,2,trophozoite,314,328,374,420,ground_truth
IML_Malaria\PA171802.JPG,PA171802_crop_002.png,train,1,gametocyte,556,559,653,644,ground_truth
IML_Malaria\PA171803.JPG,PA171803_crop_000.png,train,1,gametocyte,811,351,919,437,ground_truth
IML_Malaria\PA171804.JPG,PA171804_crop_000.png,val,0,ring,317,219,395,298,ground_truth
IML_Malaria\PA171804.JPG,PA171804_crop_001.png,val,0,ring,792,498,868,571,ground_truth
IML_Malaria\PA171804.JPG,PA171804_crop_002.png,val,2,trophozoite,995,86,1079,187,ground_truth
IML_Malaria\PA171805.JPG,PA171805_crop_000.png,train,0,ring,868,426,950,507,ground_truth
IML_Malaria\PA171806.JPG,PA171806_crop_000.png,train,1,gametocyte,778,438,870,538,ground_truth
IML_Malaria\PA171807.JPG,PA171807_crop_000.png,train,1,gametocyte,717,670,789,772,ground_truth
IML_Malaria\PA171807.JPG,PA171807_crop_001.png,train,0,ring,430,90,507,169,ground_truth
IML_Malaria\PA171808.JPG,PA171808_crop_000.png,train,1,gametocyte,742,186,836,272,ground_truth
IML_Malaria\PA171808.JPG,PA171808_crop_001.png,train,1,gametocyte,737,712,804,801,ground_truth
IML_Malaria\PA171809.JPG,PA171809_crop_000.png,train,1,gametocyte,519,533,617,624,ground_truth
IML_Malaria\PA171809.JPG,PA171809_crop_001.png,train,0,ring,800,359,874,433,ground_truth
IML_Malaria\PA171810.JPG,PA171810_crop_000.png,test,0,ring,595,593,678,673,ground_truth
IML_Malaria\PA171811.JPG,PA171811_crop_000.png,test,1,gametocyte,393,235,510,323,ground_truth
IML_Malaria\PA171811.JPG,PA171811_crop_001.png,test,1,gametocyte,753,635,847,731,ground_truth
IML_Malaria\PA171812.JPG,PA171812_crop_000.png,train,1,gametocyte,690,377,792,484,ground_truth
IML_Malaria\PA171813.JPG,PA171813_crop_000.png,train,1,gametocyte,549,372,620,497,ground_truth
IML_Malaria\PA171813.JPG,PA171813_crop_001.png,train,0,ring,368,262,454,340,ground_truth
IML_Malaria\PA171814.JPG,PA171814_crop_000.png,train,1,gametocyte,585,602,690,702,ground_truth
IML_Malaria\PA171815.JPG,PA171815_crop_000.png,train,0,ring,658,428,731,511,ground_truth
IML_Malaria\PA171816.JPG,PA171816_crop_000.png,train,0,ring,629,544,704,625,ground_truth
IML_Malaria\PA171817.JPG,PA171817_crop_000.png,train,3,schizont,710,298,804,419,ground_truth
IML_Malaria\PA171818.JPG,PA171818_crop_000.png,test,1,gametocyte,697,573,791,669,ground_truth
IML_Malaria\PA171819.JPG,PA171819_crop_000.png,test,3,schizont,511,361,619,474,ground_truth
IML_Malaria\PA171820.JPG,PA171820_crop_000.png,train,3,schizont,768,410,878,506,ground_truth
IML_Malaria\PA171821.JPG,PA171821_crop_000.png,test,1,gametocyte,654,434,747,533,ground_truth
IML_Malaria\PA171821.JPG,PA171821_crop_001.png,test,1,gametocyte,562,617,664,713,ground_truth
IML_Malaria\PA171822.JPG,PA171822_crop_000.png,train,3,schizont,531,523,648,618,ground_truth
IML_Malaria\PA171823.JPG,PA171823_crop_000.png,train,1,gametocyte,404,339,495,440,ground_truth
IML_Malaria\PA171824.JPG,PA171824_crop_000.png,train,2,trophozoite,563,528,666,629,ground_truth
IML_Malaria\PA171825.JPG,PA171825_crop_000.png,train,0,ring,583,412,672,493,ground_truth
IML_Malaria\PA171826.JPG,PA171826_crop_000.png,train,1,gametocyte,643,398,771,501,ground_truth
IML_Malaria\PA171827.JPG,PA171827_crop_000.png,train,3,schizont,660,362,764,475,ground_truth
IML_Malaria\PA171828.JPG,PA171828_crop_000.png,train,1,gametocyte,880,463,987,572,ground_truth
IML_Malaria\PA171828.JPG,PA171828_crop_001.png,train,1,gametocyte,173,596,270,697,ground_truth
IML_Malaria\PA171828.JPG,PA171828_crop_002.png,train,1,gametocyte,542,186,631,302,ground_truth
IML_Malaria\PA171829.JPG,PA171829_crop_000.png,train,1,gametocyte,392,427,487,522,ground_truth
IML_Malaria\PA171830.JPG,PA171830_crop_000.png,train,1,gametocyte,329,335,436,419,ground_truth
IML_Malaria\PA171830.JPG,PA171830_crop_001.png,train,1,gametocyte,554,732,671,827,ground_truth
IML_Malaria\PA171831.JPG,PA171831_crop_000.png,train,1,gametocyte,533,703,649,793,ground_truth
IML_Malaria\PA171831.JPG,PA171831_crop_001.png,train,1,gametocyte,560,307,683,381,ground_truth
IML_Malaria\PA171831.JPG,PA171831_crop_002.png,train,1,gametocyte,535,706,652,794,ground_truth
IML_Malaria\PA171832.JPG,PA171832_crop_000.png,val,1,gametocyte,667,273,778,369,ground_truth
IML_Malaria\PA171832.JPG,PA171832_crop_001.png,val,0,ring,619,506,702,587,ground_truth
IML_Malaria\PA171833.JPG,PA171833_crop_000.png,train,1,gametocyte,672,244,770,334,ground_truth
IML_Malaria\PA171833.JPG,PA171833_crop_001.png,train,0,ring,628,477,709,545,ground_truth
IML_Malaria\PA171834.JPG,PA171834_crop_000.png,train,1,gametocyte,409,447,509,542,ground_truth
IML_Malaria\PA171835.JPG,PA171835_crop_000.png,val,1,gametocyte,637,536,764,620,ground_truth
IML_Malaria\PA171836.JPG,PA171836_crop_000.png,train,3,schizont,740,610,876,724,ground_truth
IML_Malaria\PA171837.JPG,PA171837_crop_000.png,test,2,trophozoite,504,445,612,544,ground_truth
IML_Malaria\PA171838.JPG,PA171838_crop_000.png,train,3,schizont,602,422,708,520,ground_truth
IML_Malaria\PA171839.JPG,PA171839_crop_000.png,test,2,trophozoite,564,708,667,806,ground_truth
IML_Malaria\PA171839.JPG,PA171839_crop_001.png,test,1,gametocyte,505,258,597,364,ground_truth
IML_Malaria\PA171840.JPG,PA171840_crop_000.png,test,3,schizont,477,541,586,653,ground_truth
IML_Malaria\PA171841.JPG,PA171841_crop_000.png,train,1,gametocyte,460,378,558,474,ground_truth
IML_Malaria\PA171842.JPG,PA171842_crop_000.png,train,1,gametocyte,80,442,176,538,ground_truth
IML_Malaria\PA171842.JPG,PA171842_crop_001.png,train,0,ring,707,484,788,570,ground_truth
IML_Malaria\PA171842.JPG,PA171842_crop_002.png,train,1,gametocyte,947,629,1048,726,ground_truth
IML_Malaria\PA171843.JPG,PA171843_crop_000.png,train,1,gametocyte,411,497,514,603,ground_truth
IML_Malaria\PA171843.JPG,PA171843_crop_001.png,train,1,gametocyte,834,566,937,668,ground_truth
IML_Malaria\PA171843.JPG,PA171843_crop_002.png,train,0,ring,309,598,389,680,ground_truth
IML_Malaria\PA171844.JPG,PA171844_crop_000.png,train,1,gametocyte,448,184,560,281,ground_truth
IML_Malaria\PA171844.JPG,PA171844_crop_001.png,train,1,gametocyte,517,784,628,879,ground_truth
IML_Malaria\PA171845.JPG,PA171845_crop_000.png,test,1,gametocyte,792,645,876,741,ground_truth
IML_Malaria\PA171845.JPG,PA171845_crop_001.png,test,2,trophozoite,641,900,746,960,ground_truth
IML_Malaria\PA171846.JPG,PA171846_crop_000.png,val,1,gametocyte,136,638,229,726,ground_truth
IML_Malaria\PA171846.JPG,PA171846_crop_001.png,val,2,trophozoite,0,885,99,960,ground_truth
IML_Malaria\PA171846.JPG,PA171846_crop_002.png,val,0,ring,674,418,768,515,ground_truth
IML_Malaria\PA171847.JPG,PA171847_crop_000.png,train,1,gametocyte,693,331,797,425,ground_truth
IML_Malaria\PA171848.JPG,PA171848_crop_000.png,train,3,schizont,666,489,795,578,ground_truth
IML_Malaria\PA171848.JPG,PA171848_crop_001.png,train,0,ring,446,9,533,90,ground_truth
IML_Malaria\PA171849.JPG,PA171849_crop_000.png,train,0,ring,702,563,799,642,ground_truth
IML_Malaria\PA171850.JPG,PA171850_crop_000.png,val,1,gametocyte,759,783,863,875,ground_truth
IML_Malaria\PA171851.JPG,PA171851_crop_000.png,train,3,schizont,753,611,861,721,ground_truth
IML_Malaria\PA171852.JPG,PA171852_crop_000.png,train,1,gametocyte,585,511,696,613,ground_truth
IML_Malaria\PA171852.JPG,PA171852_crop_001.png,train,1,gametocyte,776,519,905,600,ground_truth
IML_Malaria\PA171852.JPG,PA171852_crop_002.png,train,0,ring,718,69,798,166,ground_truth
IML_Malaria\PA171853.JPG,PA171853_crop_000.png,train,1,gametocyte,704,308,793,417,ground_truth
IML_Malaria\PA171853.JPG,PA171853_crop_001.png,train,1,gametocyte,769,455,871,549,ground_truth
IML_Malaria\PA171853.JPG,PA171853_crop_002.png,train,0,ring,724,668,799,753,ground_truth
IML_Malaria\PA171854.JPG,PA171854_crop_000.png,train,3,schizont,416,96,526,205,ground_truth
IML_Malaria\PA171855.JPG,PA171855_crop_000.png,test,0,ring,89,163,169,248,ground_truth
IML_Malaria\PA171856.JPG,PA171856_crop_000.png,test,0,ring,584,570,673,666,ground_truth
IML_Malaria\PA171857.JPG,PA171857_crop_000.png,train,0,ring,543,838,641,921,ground_truth
IML_Malaria\PA171858.JPG,PA171858_crop_000.png,train,1,gametocyte,444,659,544,752,ground_truth
IML_Malaria\PA171859.JPG,PA171859_crop_000.png,train,1,gametocyte,477,274,580,375,ground_truth
IML_Malaria\PA171860.JPG,PA171860_crop_000.png,train,1,gametocyte,377,562,462,661,ground_truth
IML_Malaria\PA171860.JPG,PA171860_crop_001.png,train,0,ring,744,625,843,723,ground_truth
IML_Malaria\PA171861.JPG,PA171861_crop_000.png,train,3,schizont,621,611,731,711,ground_truth
IML_Malaria\PA171862.JPG,PA171862_crop_000.png,train,3,schizont,630,675,730,767,ground_truth
IML_Malaria\PA171862.JPG,PA171862_crop_001.png,train,1,gametocyte,840,171,947,281,ground_truth
IML_Malaria\PA171862.JPG,PA171862_crop_002.png,train,0,ring,547,563,629,644,ground_truth
IML_Malaria\PA171863.JPG,PA171863_crop_000.png,train,3,schizont,710,783,808,888,ground_truth
IML_Malaria\PA171863.JPG,PA171863_crop_001.png,train,0,ring,365,81,454,168,ground_truth
IML_Malaria\PA171864.JPG,PA171864_crop_000.png,val,3,schizont,859,170,961,268,ground_truth
IML_Malaria\PA171864.JPG,PA171864_crop_001.png,val,0,ring,780,60,857,145,ground_truth
IML_Malaria\PA171864.JPG,PA171864_crop_002.png,val,0,ring,579,552,660,635,ground_truth
IML_Malaria\PA171865.JPG,PA171865_crop_000.png,test,0,ring,539,390,637,472,ground_truth
IML_Malaria\PA171865.JPG,PA171865_crop_001.png,test,0,ring,1144,378,1236,454,ground_truth
IML_Malaria\PA171866.JPG,PA171866_crop_000.png,train,1,gametocyte,803,494,899,601,ground_truth
IML_Malaria\PA171867.JPG,PA171867_crop_000.png,train,1,gametocyte,587,609,683,703,ground_truth
IML_Malaria\PA171867.JPG,PA171867_crop_001.png,train,1,gametocyte,1134,372,1244,467,ground_truth
IML_Malaria\PA171867.JPG,PA171867_crop_002.png,train,1,gametocyte,466,874,570,957,ground_truth
IML_Malaria\PA171867.JPG,PA171867_crop_003.png,train,0,ring,364,775,446,848,ground_truth
IML_Malaria\PA171868.JPG,PA171868_crop_000.png,test,1,gametocyte,465,417,558,521,ground_truth
IML_Malaria\PA171869.JPG,PA171869_crop_000.png,train,1,gametocyte,510,424,607,512,ground_truth
IML_Malaria\PA171870.JPG,PA171870_crop_000.png,train,3,schizont,682,365,788,475,ground_truth
IML_Malaria\PA171872.JPG,PA171872_crop_000.png,train,1,gametocyte,482,382,579,486,ground_truth
IML_Malaria\PA171873.JPG,PA171873_crop_000.png,train,1,gametocyte,626,576,733,682,ground_truth
IML_Malaria\PA171874.JPG,PA171874_crop_000.png,test,0,ring,93,731,177,816,ground_truth
IML_Malaria\PA171874.JPG,PA171874_crop_001.png,test,1,gametocyte,316,127,400,210,ground_truth
IML_Malaria\PA171875.JPG,PA171875_crop_000.png,test,0,ring,744,138,828,215,ground_truth
IML_Malaria\PA171876.JPG,PA171876_crop_000.png,test,0,ring,601,478,689,574,ground_truth
IML_Malaria\PA171878.JPG,PA171878_crop_000.png,train,3,schizont,620,679,712,794,ground_truth
IML_Malaria\PA171878.JPG,PA171878_crop_001.png,train,1,gametocyte,271,283,375,380,ground_truth
IML_Malaria\PA171878.JPG,PA171878_crop_002.png,train,0,ring,1076,475,1159,544,ground_truth
IML_Malaria\PA171881.JPG,PA171881_crop_000.png,val,3,schizont,459,665,579,768,ground_truth
IML_Malaria\PA171882.JPG,PA171882_crop_000.png,val,1,gametocyte,216,373,311,464,ground_truth
IML_Malaria\PA171882.JPG,PA171882_crop_001.png,val,1,gametocyte,793,781,892,885,ground_truth
IML_Malaria\PA171883.JPG,PA171883_crop_000.png,train,1,gametocyte,616,742,718,840,ground_truth
IML_Malaria\PA171883.JPG,PA171883_crop_001.png,train,1,gametocyte,14,768,111,877,ground_truth
IML_Malaria\PA171884.JPG,PA171884_crop_000.png,train,1,gametocyte,206,775,315,865,ground_truth
IML_Malaria\PA171884.JPG,PA171884_crop_001.png,train,1,gametocyte,563,764,666,866,ground_truth
IML_Malaria\PA171884.JPG,PA171884_crop_002.png,train,1,gametocyte,780,285,883,393,ground_truth
IML_Malaria\PA171884.JPG,PA171884_crop_003.png,train,1,gametocyte,1062,58,1154,152,ground_truth
IML_Malaria\PA171885.JPG,PA171885_crop_000.png,val,1,gametocyte,947,406,1047,490,ground_truth
IML_Malaria\PA171885.JPG,PA171885_crop_001.png,val,0,ring,623,368,704,456,ground_truth
IML_Malaria\PA171886.JPG,PA171886_crop_000.png,val,3,schizont,718,52,837,160,ground_truth
IML_Malaria\PA171887.JPG,PA171887_crop_000.png,train,0,ring,827,379,907,462,ground_truth
IML_Malaria\PA171887.JPG,PA171887_crop_001.png,train,3,schizont,0,318,88,420,ground_truth
IML_Malaria\PA171888.JPG,PA171888_crop_000.png,train,3,schizont,867,333,961,429,ground_truth
IML_Malaria\PA171888.JPG,PA171888_crop_001.png,train,0,ring,660,171,738,263,ground_truth
IML_Malaria\PA171889.JPG,PA171889_crop_000.png,train,0,ring,565,462,650,544,ground_truth
IML_Malaria\PA171890.JPG,PA171890_crop_000.png,train,1,gametocyte,697,545,783,626,ground_truth
IML_Malaria\PA171891.JPG,PA171891_crop_000.png,val,1,gametocyte,190,400,293,515,ground_truth
IML_Malaria\PA171891.JPG,PA171891_crop_001.png,val,1,gametocyte,719,756,806,877,ground_truth
IML_Malaria\PA171891.JPG,PA171891_crop_002.png,val,1,gametocyte,659,887,749,960,ground_truth
IML_Malaria\PA171891.JPG,PA171891_crop_003.png,val,1,gametocyte,333,0,437,60,ground_truth
IML_Malaria\PA171892.JPG,PA171892_crop_000.png,train,1,gametocyte,322,430,430,518,ground_truth
IML_Malaria\PA171892.JPG,PA171892_crop_001.png,train,1,gametocyte,181,849,283,960,ground_truth
IML_Malaria\PA171893.JPG,PA171893_crop_000.png,val,3,schizont,367,666,467,764,ground_truth
IML_Malaria\PA171893.JPG,PA171893_crop_001.png,val,1,gametocyte,830,471,916,570,ground_truth
IML_Malaria\PA171895.JPG,PA171895_crop_000.png,train,1,gametocyte,771,424,861,515,ground_truth
IML_Malaria\PA171897.JPG,PA171897_crop_000.png,train,0,ring,723,574,804,653,ground_truth
IML_Malaria\PA171898.JPG,PA171898_crop_000.png,train,0,ring,701,677,782,767,ground_truth
IML_Malaria\PA171899.JPG,PA171899_crop_000.png,train,0,ring,381,648,453,723,ground_truth
IML_Malaria\PA171899.JPG,PA171899_crop_001.png,train,0,ring,707,24,796,109,ground_truth
IML_Malaria\PA171900.JPG,PA171900_crop_000.png,train,1,gametocyte,500,779,616,858,ground_truth
IML_Malaria\PA171901.JPG,PA171901_crop_000.png,train,2,trophozoite,77,556,147,658,ground_truth
IML_Malaria\PA171901.JPG,PA171901_crop_001.png,train,1,gametocyte,666,199,773,299,ground_truth
IML_Malaria\PA171901.JPG,PA171901_crop_002.png,train,0,ring,783,679,862,782,ground_truth
IML_Malaria\PA171902.JPG,PA171902_crop_000.png,train,2,trophozoite,661,558,742,667,ground_truth
IML_Malaria\PA171903.JPG,PA171903_crop_000.png,train,2,trophozoite,638,547,733,645,ground_truth
IML_Malaria\PA171904.JPG,PA171904_crop_000.png,val,1,gametocyte,678,533,759,635,ground_truth
IML_Malaria\PA171905.JPG,PA171905_crop_000.png,val,0,ring,367,489,469,586,ground_truth
IML_Malaria\PA171906.JPG,PA171906_crop_000.png,train,0,ring,629,499,722,595,ground_truth
IML_Malaria\PA171906.JPG,PA171906_crop_001.png,train,1,gametocyte,594,145,697,247,ground_truth
IML_Malaria\PA171906.JPG,PA171906_crop_002.png,train,1,gametocyte,1173,176,1280,292,ground_truth
IML_Malaria\PA171907.JPG,PA171907_crop_000.png,val,1,gametocyte,232,569,331,658,ground_truth
IML_Malaria\PA171907.JPG,PA171907_crop_001.png,val,1,gametocyte,804,594,921,710,ground_truth
IML_Malaria\PA171907.JPG,PA171907_crop_002.png,val,0,ring,261,919,356,960,ground_truth
IML_Malaria\PA171908.JPG,PA171908_crop_000.png,train,0,ring,100,336,178,404,ground_truth
IML_Malaria\PA171908.JPG,PA171908_crop_001.png,train,0,ring,192,484,279,573,ground_truth
IML_Malaria\PA171908.JPG,PA171908_crop_002.png,train,1,gametocyte,854,557,953,675,ground_truth
IML_Malaria\PA171909.JPG,PA171909_crop_000.png,train,0,ring,651,496,732,581,ground_truth
IML_Malaria\PA171909.JPG,PA171909_crop_001.png,train,0,ring,551,342,632,409,ground_truth
IML_Malaria\PA171910.JPG,PA171910_crop_000.png,val,0,ring,588,506,685,599,ground_truth
IML_Malaria\PA171911.JPG,PA171911_crop_000.png,train,1,gametocyte,525,555,629,665,ground_truth
IML_Malaria\PA171911.JPG,PA171911_crop_001.png,train,1,gametocyte,466,513,578,607,ground_truth
IML_Malaria\PA171912.JPG,PA171912_crop_000.png,test,1,gametocyte,789,353,877,441,ground_truth
IML_Malaria\PA171912.JPG,PA171912_crop_001.png,test,1,gametocyte,64,538,173,645,ground_truth
IML_Malaria\PA171912.JPG,PA171912_crop_002.png,test,1,gametocyte,16,499,121,584,ground_truth
IML_Malaria\PA171913.JPG,PA171913_crop_000.png,test,0,ring,476,501,579,577,ground_truth
IML_Malaria\PA171914.JPG,PA171914_crop_000.png,train,2,trophozoite,702,585,797,684,ground_truth
IML_Malaria\PA171915.JPG,PA171915_crop_000.png,val,1,gametocyte,509,418,619,511,ground_truth
IML_Malaria\PA171916.JPG,PA171916_crop_000.png,train,0,ring,629,469,719,559,ground_truth
IML_Malaria\PA171917.JPG,PA171917_crop_000.png,train,1,gametocyte,480,566,587,664,ground_truth
IML_Malaria\PA171918.JPG,PA171918_crop_000.png,train,0,ring,490,368,575,463,ground_truth
IML_Malaria\PA171918.JPG,PA171918_crop_001.png,train,1,gametocyte,539,437,624,527,ground_truth
IML_Malaria\PA171919.JPG,PA171919_crop_000.png,train,1,gametocyte,602,499,715,598,ground_truth
IML_Malaria\PA171919.JPG,PA171919_crop_001.png,train,1,gametocyte,983,625,1086,712,ground_truth
IML_Malaria\PA171921.JPG,PA171921_crop_000.png,train,1,gametocyte,827,39,923,129,ground_truth
IML_Malaria\PA171921.JPG,PA171921_crop_001.png,train,2,trophozoite,264,404,365,491,ground_truth
IML_Malaria\PA171922.JPG,PA171922_crop_000.png,train,1,gametocyte,822,442,927,550,ground_truth
IML_Malaria\PA171922.JPG,PA171922_crop_001.png,train,2,trophozoite,255,822,368,907,ground_truth
IML_Malaria\PA171923.JPG,PA171923_crop_000.png,train,1,gametocyte,429,628,524,725,ground_truth
IML_Malaria\PA171924.JPG,PA171924_crop_000.png,train,0,ring,609,644,704,739,ground_truth
IML_Malaria\PA171925.JPG,PA171925_crop_000.png,test,0,ring,778,573,858,677,ground_truth
IML_Malaria\PA171926.JPG,PA171926_crop_000.png,train,0,ring,718,673,814,776,ground_truth
IML_Malaria\PA171927.JPG,PA171927_crop_000.png,train,2,trophozoite,610,601,712,704,ground_truth
IML_Malaria\PA171928.JPG,PA171928_crop_000.png,train,1,gametocyte,621,593,732,701,ground_truth
IML_Malaria\PA171929.JPG,PA171929_crop_000.png,train,2,trophozoite,394,463,495,547,ground_truth
IML_Malaria\PA171930.JPG,PA171930_crop_000.png,train,1,gametocyte,661,728,766,822,ground_truth
IML_Malaria\PA171931.JPG,PA171931_crop_000.png,val,2,trophozoite,692,616,799,711,ground_truth
IML_Malaria\PA171931.JPG,PA171931_crop_001.png,val,0,ring,499,2,585,98,ground_truth
IML_Malaria\PA171932.JPG,PA171932_crop_000.png,train,2,trophozoite,698,170,795,270,ground_truth
IML_Malaria\PA171932.JPG,PA171932_crop_001.png,train,2,trophozoite,864,629,958,714,ground_truth
IML_Malaria\PA171932.JPG,PA171932_crop_002.png,train,0,ring,483,738,575,838,ground_truth
IML_Malaria\PA171933.JPG,PA171933_crop_000.png,train,2,trophozoite,696,329,792,432,ground_truth
IML_Malaria\PA171933.JPG,PA171933_crop_001.png,train,2,trophozoite,865,784,956,872,ground_truth
IML_Malaria\PA171934.JPG,PA171934_crop_000.png,val,0,ring,764,434,821,513,ground_truth
IML_Malaria\PA171935.JPG,PA171935_crop_000.png,train,0,ring,1030,601,1125,690,ground_truth
IML_Malaria\PA171935.JPG,PA171935_crop_001.png,train,1,gametocyte,1156,639,1277,771,ground_truth
IML_Malaria\PA171936.JPG,PA171936_crop_000.png,train,1,gametocyte,717,632,833,769,ground_truth
IML_Malaria\PA171936.JPG,PA171936_crop_001.png,train,0,ring,582,591,674,680,ground_truth
IML_Malaria\PA171937.JPG,PA171937_crop_000.png,train,1,gametocyte,580,569,685,672,ground_truth
IML_Malaria\PA171938.JPG,PA171938_crop_000.png,train,2,trophozoite,438,273,547,367,ground_truth
IML_Malaria\PA171938.JPG,PA171938_crop_001.png,train,2,trophozoite,800,404,901,503,ground_truth
IML_Malaria\PA171938.JPG,PA171938_crop_002.png,train,0,ring,254,56,359,141,ground_truth
IML_Malaria\PA171939.JPG,PA171939_crop_000.png,test,2,trophozoite,858,578,964,674,ground_truth
IML_Malaria\PA171939.JPG,PA171939_crop_001.png,test,0,ring,676,366,775,449,ground_truth
IML_Malaria\PA171939.JPG,PA171939_crop_002.png,test,2,trophozoite,1213,709,1280,809,ground_truth
IML_Malaria\PA171941.JPG,PA171941_crop_000.png,val,2,trophozoite,609,518,715,591,ground_truth
IML_Malaria\PA171942.JPG,PA171942_crop_000.png,train,0,ring,722,425,809,491,ground_truth
IML_Malaria\PA171943.JPG,PA171943_crop_000.png,test,0,ring,668,315,756,396,ground_truth
IML_Malaria\PA171944.JPG,PA171944_crop_000.png,test,1,gametocyte,683,540,770,629,ground_truth
IML_Malaria\PA171945.JPG,PA171945_crop_000.png,val,1,gametocyte,544,403,628,525,ground_truth
IML_Malaria\PA171948.JPG,PA171948_crop_000.png,val,0,ring,629,556,716,647,ground_truth
IML_Malaria\PA171949.JPG,PA171949_crop_000.png,test,1,gametocyte,403,235,504,330,ground_truth
IML_Malaria\PA171950.JPG,PA171950_crop_000.png,test,3,schizont,470,518,563,606,ground_truth
IML_Malaria\PA171951.JPG,PA171951_crop_000.png,train,0,ring,454,642,536,739,ground_truth
IML_Malaria\PA171952.JPG,PA171952_crop_000.png,train,1,gametocyte,605,367,697,474,ground_truth
IML_Malaria\PA171953.JPG,PA171953_crop_000.png,train,2,trophozoite,395,335,489,430,ground_truth
IML_Malaria\PA171954.JPG,PA171954_crop_000.png,train,2,trophozoite,497,358,604,455,ground_truth
IML_Malaria\PA171955.JPG,PA171955_crop_000.png,test,2,trophozoite,667,672,767,759,ground_truth
IML_Malaria\PA171956.JPG,PA171956_crop_000.png,train,1,gametocyte,587,606,687,705,ground_truth
IML_Malaria\PA171957.JPG,PA171957_crop_000.png,train,2,trophozoite,477,515,568,609,ground_truth
IML_Malaria\PA171957.JPG,PA171957_crop_001.png,train,0,ring,560,503,634,587,ground_truth
IML_Malaria\PA171958.JPG,PA171958_crop_000.png,train,0,ring,460,554,561,625,ground_truth
IML_Malaria\PA171959.JPG,PA171959_crop_000.png,train,1,gametocyte,619,791,707,892,ground_truth
IML_Malaria\PA171959.JPG,PA171959_crop_001.png,train,1,gametocyte,688,735,782,831,ground_truth
IML_Malaria\PA171959.JPG,PA171959_crop_002.png,train,1,gametocyte,505,125,608,221,ground_truth
IML_Malaria\PA171959.JPG,PA171959_crop_003.png,train,1,gametocyte,873,69,978,171,ground_truth
IML_Malaria\PA171959.JPG,PA171959_crop_004.png,train,2,trophozoite,1209,664,1280,764,ground_truth
IML_Malaria\PA171960.JPG,PA171960_crop_000.png,val,1,gametocyte,510,500,612,602,ground_truth
IML_Malaria\PA171960.JPG,PA171960_crop_001.png,val,1,gametocyte,881,452,974,558,ground_truth
IML_Malaria\PA171962.JPG,PA171962_crop_000.png,train,2,trophozoite,741,413,836,508,ground_truth
IML_Malaria\PA171963.JPG,PA171963_crop_000.png,train,2,trophozoite,511,475,607,571,ground_truth
IML_Malaria\PA171964.JPG,PA171964_crop_000.png,train,1,gametocyte,506,417,602,542,ground_truth
IML_Malaria\PA171964.JPG,PA171964_crop_001.png,train,1,gametocyte,395,616,483,731,ground_truth
IML_Malaria\PA171965.JPG,PA171965_crop_000.png,val,2,trophozoite,672,576,768,670,ground_truth
IML_Malaria\PA171965.JPG,PA171965_crop_001.png,val,0,ring,1122,559,1209,650,ground_truth
IML_Malaria\PA171967.JPG,PA171967_crop_000.png,test,0,ring,629,280,739,374,ground_truth
IML_Malaria\PA171967.JPG,PA171967_crop_001.png,test,0,ring,724,266,812,359,ground_truth
IML_Malaria\PA171969.JPG,PA171969_crop_000.png,val,2,trophozoite,623,608,717,702,ground_truth
IML_Malaria\PA171969.JPG,PA171969_crop_001.png,val,1,gametocyte,59,446,168,535,ground_truth
IML_Malaria\PA171970.JPG,PA171970_crop_000.png,train,1,gametocyte,620,470,716,564,ground_truth
IML_Malaria\PA171971.JPG,PA171971_crop_000.png,val,1,gametocyte,591,389,689,476,ground_truth
IML_Malaria\PA171972.JPG,PA171972_crop_000.png,train,1,gametocyte,555,573,664,681,ground_truth
IML_Malaria\PA171973.JPG,PA171973_crop_000.png,train,2,trophozoite,1008,620,1107,709,ground_truth
IML_Malaria\PA171973.JPG,PA171973_crop_001.png,train,1,gametocyte,846,674,958,774,ground_truth
IML_Malaria\PA171973.JPG,PA171973_crop_002.png,train,0,ring,292,776,379,864,ground_truth
IML_Malaria\PA171974.JPG,PA171974_crop_000.png,test,1,gametocyte,674,900,769,960,ground_truth
IML_Malaria\PA171975.JPG,PA171975_crop_000.png,train,1,gametocyte,707,352,829,461,ground_truth
IML_Malaria\PA171975.JPG,PA171975_crop_001.png,train,1,gametocyte,267,793,367,884,ground_truth
IML_Malaria\PA171976.JPG,PA171976_crop_000.png,train,1,gametocyte,370,616,472,712,ground_truth
IML_Malaria\PA171977.JPG,PA171977_crop_000.png,val,1,gametocyte,709,523,804,625,ground_truth
IML_Malaria\PA171978.JPG,PA171978_crop_000.png,train,0,ring,521,0,608,61,ground_truth
IML_Malaria\PA171978.JPG,PA171978_crop_001.png,train,1,gametocyte,572,424,687,532,ground_truth
IML_Malaria\PA171979.JPG,PA171979_crop_000.png,train,0,ring,525,369,605,450,ground_truth
IML_Malaria\PA171979.JPG,PA171979_crop_001.png,train,1,gametocyte,481,658,561,740,ground_truth
IML_Malaria\PA171979.JPG,PA171979_crop_002.png,train,1,gametocyte,568,812,686,923,ground_truth
IML_Malaria\PA171980.JPG,PA171980_crop_000.png,train,0,ring,138,164,223,243,ground_truth
IML_Malaria\PA171980.JPG,PA171980_crop_001.png,train,0,ring,798,643,881,721,ground_truth
IML_Malaria\PA171982.JPG,PA171982_crop_000.png,train,2,trophozoite,615,338,717,448,ground_truth
IML_Malaria\PA171983.JPG,PA171983_crop_000.png,train,2,trophozoite,297,411,406,514,ground_truth
IML_Malaria\PA171983.JPG,PA171983_crop_001.png,train,0,ring,359,708,475,797,ground_truth
IML_Malaria\PA171984.JPG,PA171984_crop_000.png,train,2,trophozoite,412,228,497,314,ground_truth
IML_Malaria\PA171985.JPG,PA171985_crop_000.png,test,0,ring,571,288,642,391,ground_truth
IML_Malaria\PA171985.JPG,PA171985_crop_001.png,test,0,ring,565,439,651,533,ground_truth
IML_Malaria\PA171986.JPG,PA171986_crop_000.png,val,2,trophozoite,440,264,520,340,ground_truth
IML_Malaria\PA171986.JPG,PA171986_crop_001.png,val,2,trophozoite,53,829,141,922,ground_truth
IML_Malaria\PA171987.JPG,PA171987_crop_000.png,val,2,trophozoite,732,17,820,107,ground_truth
IML_Malaria\PA171988.JPG,PA171988_crop_000.png,train,2,trophozoite,959,61,1064,160,ground_truth
IML_Malaria\PA171989.JPG,PA171989_crop_000.png,train,1,gametocyte,459,699,558,799,ground_truth
IML_Malaria\PA171990.JPG,PA171990_crop_000.png,train,0,ring,858,139,938,219,ground_truth
IML_Malaria\PA171990.JPG,PA171990_crop_001.png,train,2,trophozoite,741,734,839,826,ground_truth
IML_Malaria\PA171990.JPG,PA171990_crop_002.png,train,0,ring,588,658,675,738,ground_truth
IML_Malaria\PA171991.JPG,PA171991_crop_000.png,test,1,gametocyte,798,682,897,798,ground_truth
IML_Malaria\PA171992.JPG,PA171992_crop_000.png,test,3,schizont,617,345,690,438,ground_truth
IML_Malaria\PA171992.JPG,PA171992_crop_001.png,test,2,trophozoite,554,376,631,454,ground_truth
IML_Malaria\PA171994.JPG,PA171994_crop_000.png,val,2,trophozoite,447,608,562,704,ground_truth
IML_Malaria\PA171994.JPG,PA171994_crop_001.png,val,0,ring,216,301,298,375,ground_truth
IML_Malaria\PA171995.JPG,PA171995_crop_000.png,train,2,trophozoite,909,823,1016,916,ground_truth
IML_Malaria\PA171995.JPG,PA171995_crop_001.png,train,0,ring,673,521,754,587,ground_truth
IML_Malaria\PA171996.JPG,PA171996_crop_000.png,train,1,gametocyte,692,615,784,737,ground_truth
IML_Malaria\PA171997.JPG,PA171997_crop_000.png,train,0,ring,583,540,671,624,ground_truth
IML_Malaria\PA171997.JPG,PA171997_crop_001.png,train,1,gametocyte,604,134,719,213,ground_truth
IML_Malaria\PA171998.JPG,PA171998_crop_000.png,train,2,trophozoite,649,592,739,680,ground_truth
IML_Malaria\PA171998.JPG,PA171998_crop_001.png,train,1,gametocyte,610,182,702,276,ground_truth
IML_Malaria\PA171999.JPG,PA171999_crop_000.png,train,2,trophozoite,798,694,892,796,ground_truth
IML_Malaria\PA171999.JPG,PA171999_crop_001.png,train,1,gametocyte,617,513,741,609,ground_truth
IML_Malaria\PA172000.JPG,PA172000_crop_000.png,test,1,gametocyte,837,515,936,620,ground_truth
IML_Malaria\PA172000.JPG,PA172000_crop_001.png,test,2,trophozoite,333,650,424,772,ground_truth
IML_Malaria\PA172001.JPG,PA172001_crop_000.png,test,2,trophozoite,785,628,873,721,ground_truth
IML_Malaria\PA172003.JPG,PA172003_crop_000.png,test,2,trophozoite,70,317,158,405,ground_truth
IML_Malaria\PA172003.JPG,PA172003_crop_001.png,test,0,ring,877,552,959,650,ground_truth
IML_Malaria\PA172003.JPG,PA172003_crop_002.png,test,1,gametocyte,1171,529,1271,640,ground_truth
IML_Malaria\PA172004.JPG,PA172004_crop_000.png,test,2,trophozoite,747,401,827,512,ground_truth
IML_Malaria\PA172004.JPG,PA172004_crop_001.png,test,2,trophozoite,635,676,724,785,ground_truth
IML_Malaria\PA172005.JPG,PA172005_crop_000.png,train,3,schizont,100,369,183,482,ground_truth
IML_Malaria\PA172005.JPG,PA172005_crop_001.png,train,1,gametocyte,390,879,490,960,ground_truth
IML_Malaria\PA172005.JPG,PA172005_crop_002.png,train,1,gametocyte,785,552,872,681,ground_truth
IML_Malaria\PA172005.JPG,PA172005_crop_003.png,train,2,trophozoite,0,647,86,761,ground_truth
IML_Malaria\PA172006.JPG,PA172006_crop_000.png,test,0,ring,696,439,790,530,ground_truth
IML_Malaria\PA172007.JPG,PA172007_crop_000.png,train,2,trophozoite,638,613,737,701,ground_truth
IML_Malaria\PA172007.JPG,PA172007_crop_001.png,train,1,gametocyte,1155,118,1247,248,ground_truth
IML_Malaria\PA172008.JPG,PA172008_crop_000.png,train,1,gametocyte,712,394,793,488,ground_truth
IML_Malaria\PA172009.JPG,PA172009_crop_000.png,train,0,ring,673,593,759,673,ground_truth
IML_Malaria\PA172010.JPG,PA172010_crop_000.png,train,1,gametocyte,563,500,663,593,ground_truth
IML_Malaria\PA172011.JPG,PA172011_crop_000.png,train,1,gametocyte,585,466,695,572,ground_truth
IML_Malaria\PA172012.JPG,PA172012_crop_000.png,val,2,trophozoite,762,684,863,784,ground_truth
IML_Malaria\PA172012.JPG,PA172012_crop_001.png,val,0,ring,182,530,258,624,ground_truth
IML_Malaria\PA172013.JPG,PA172013_crop_000.png,test,2,trophozoite,475,387,575,482,ground_truth
IML_Malaria\PA172013.JPG,PA172013_crop_001.png,test,0,ring,810,732,895,820,ground_truth
IML_Malaria\PA172015.JPG,PA172015_crop_000.png,train,1,gametocyte,634,107,718,188,ground_truth
IML_Malaria\PA172015.JPG,PA172015_crop_001.png,train,0,ring,711,249,802,361,ground_truth
IML_Malaria\PA172016.JPG,PA172016_crop_000.png,train,1,gametocyte,254,198,356,295,ground_truth
IML_Malaria\PA172016.JPG,PA172016_crop_001.png,train,1,gametocyte,352,116,429,219,ground_truth
IML_Malaria\PA172016.JPG,PA172016_crop_002.png,train,1,gametocyte,607,745,715,830,ground_truth
IML_Malaria\PA172016.JPG,PA172016_crop_003.png,train,2,trophozoite,649,246,739,338,ground_truth
IML_Malaria\PA172017.JPG,PA172017_crop_000.png,val,0,ring,692,470,785,570,ground_truth
IML_Malaria\PA172018.JPG,PA172018_crop_000.png,train,1,gametocyte,497,299,609,408,ground_truth
IML_Malaria\PA172019.JPG,PA172019_crop_000.png,test,0,ring,637,611,739,681,ground_truth
IML_Malaria\PA172020.JPG,PA172020_crop_000.png,train,1,gametocyte,756,485,856,582,ground_truth
IML_Malaria\PA172021.JPG,PA172021_crop_000.png,test,1,gametocyte,915,400,1017,490,ground_truth
IML_Malaria\PA172021.JPG,PA172021_crop_001.png,test,1,gametocyte,790,603,905,695,ground_truth
IML_Malaria\PA172022.JPG,PA172022_crop_000.png,train,1,gametocyte,810,412,921,506,ground_truth
IML_Malaria\PA172022.JPG,PA172022_crop_001.png,train,0,ring,897,441,979,529,ground_truth
IML_Malaria\PA172022.JPG,PA172022_crop_002.png,train,1,gametocyte,683,418,782,504,ground_truth
IML_Malaria\PA172023.JPG,PA172023_crop_000.png,val,2,trophozoite,795,490,893,589,ground_truth
IML_Malaria\PA172025.JPG,PA172025_crop_000.png,train,2,trophozoite,649,569,740,653,ground_truth
IML_Malaria\PA172026.JPG,PA172026_crop_000.png,train,0,ring,883,510,966,599,ground_truth
IML_Malaria\PA172027.JPG,PA172027_crop_000.png,train,0,ring,903,493,996,585,ground_truth
IML_Malaria\PA172027.JPG,PA172027_crop_001.png,train,2,trophozoite,569,859,660,953,ground_truth
IML_Malaria\PA172028.JPG,PA172028_crop_000.png,train,2,trophozoite,423,678,501,760,ground_truth
IML_Malaria\PA172029.JPG,PA172029_crop_000.png,train,2,trophozoite,396,497,494,586,ground_truth
IML_Malaria\PA172030.JPG,PA172030_crop_000.png,train,1,gametocyte,857,276,959,369,ground_truth
IML_Malaria\PA172030.JPG,PA172030_crop_001.png,train,0,ring,1034,755,1105,833,ground_truth
IML_Malaria\PA172031.JPG,PA172031_crop_000.png,test,1,gametocyte,593,269,701,373,ground_truth
IML_Malaria\PA172031.JPG,PA172031_crop_001.png,test,0,ring,774,752,856,834,ground_truth
IML_Malaria\PA172032.JPG,PA172032_crop_000.png,train,0,ring,502,508,579,591,ground_truth
IML_Malaria\PA172032.JPG,PA172032_crop_001.png,train,0,ring,620,20,702,109,ground_truth
IML_Malaria\PA172033.JPG,PA172033_crop_000.png,train,0,ring,612,528,689,617,ground_truth
IML_Malaria\PA172033.JPG,PA172033_crop_001.png,train,1,gametocyte,1076,104,1194,191,ground_truth
IML_Malaria\PA172033.JPG,PA172033_crop_002.png,train,0,ring,491,296,569,387,ground_truth
IML_Malaria\PA172034.JPG,PA172034_crop_000.png,test,1,gametocyte,412,372,539,462,ground_truth
IML_Malaria\PA172034.JPG,PA172034_crop_001.png,test,0,ring,942,840,1035,926,ground_truth
IML_Malaria\PA172035.JPG,PA172035_crop_000.png,val,1,gametocyte,675,738,795,825,ground_truth
IML_Malaria\PA172035.JPG,PA172035_crop_001.png,val,1,gametocyte,1044,259,1115,354,ground_truth
