image_id,image_path,original_path,dataset,original_class,original_species,unified_class,unified_class_name,quality_score,original_size,processed_size,sharpness,contrast,brightness,dark_ratio,bright_ratio,unified_image_path
0,images/mp_idb_P_falciparum_1704282807-0013-R_T.jpg,data/raw/mp_idb/Falciparum/img/1704282807-0013-R_T.jpg,mp_idb,infected,P_falciparum,0,P_falciparum,70.0,2592x1944,640x640,7.959991362188991,20.22915628197229,137.40673463458313,0.0014263180790529,0.0,images/P_falciparum/mp_idb_P_falciparum_000000.jpg
1,images/mp_idb_P_falciparum_1704282807-0003-R.jpg,data/raw/mp_idb/Falciparum/img/1704282807-0003-R.jpg,mp_idb,infected,P_falciparum,0,P_falciparum,70.0,2592x1944,640x640,7.649980921671515,24.877050220729185,139.17535813741554,0.0012213109028095,0.0,images/P_falciparum/mp_idb_P_falciparum_000001.jpg
2,images/mp_idb_P_falciparum_1704282807-0004-R_T.jpg,data/raw/mp_idb/Falciparum/img/1704282807-0004-R_T.jpg,mp_idb,infected,P_falciparum,0,P_falciparum,70.0,2592x1944,640x640,7.627288238340572,28.325015539674645,132.89891360088654,0.0014402101432708,0.0,images/P_falciparum/mp_idb_P_falciparum_000002.jpg
3,images/mp_idb_P_falciparum_1704282807-0007-R.jpg,data/raw/mp_idb/Falciparum/img/1704282807-0007-R.jpg,mp_idb,infected,P_falciparum,0,P_falciparum,70.0,2592x1944,640x640,7.720319258414322,20.94004464389293,142.19473359783822,0.0012576287278362,0.0,images/P_falciparum/mp_idb_P_falciparum_000003.jpg
4,images/mp_idb_P_falciparum_1409171742-0008-R.jpg,data/raw/mp_idb/Falciparum/img/1409171742-0008-R.jpg,mp_idb,infected,P_falciparum,0,P_falciparum,80.0,2592x1944,640x640,132.34458851605103,34.04973948006247,197.4900626095489,0.0008825429939541,0.2982175687776253,images/P_falciparum/mp_idb_P_falciparum_000004.jpg
5,images/mp_idb_P_falciparum_1409171742-0010-R.jpg,data/raw/mp_idb/Falciparum/img/1409171742-0010-R.jpg,mp_idb,infected,P_falciparum,0,P_falciparum,80.0,2592x1944,640x640,134.15384346746782,33.269397557014855,194.38170609631408,0.0008319361885891,0.2484601639104811,images/P_falciparum/mp_idb_P_falciparum_000005.jpg
6,images/mp_idb_P_falciparum_1701151546-0004-R_T.jpg,data/raw/mp_idb/Falciparum/img/1701151546-0004-R_T.jpg,mp_idb,infected,P_falciparum,0,P_falciparum,70.0,2592x1944,640x640,8.922957543878617,35.12525167540459,159.49622374002948,0.001134584730478,4.901914088299548e-05,images/P_falciparum/mp_idb_P_falciparum_000006.jpg
7,images/mp_idb_P_falciparum_1305121398-0017-R.jpg,data/raw/mp_idb/Falciparum/img/1305121398-0017-R.jpg,mp_idb,infected,P_falciparum,0,P_falciparum,100.0,2592x1944,640x640,250.3568244812465,29.57490085694129,181.1078724740258,0.0001073658105979,0.0052549709774932,images/P_falciparum/mp_idb_P_falciparum_000007.jpg
8,images/mp_idb_P_falciparum_1305121398-0016-S.jpg,data/raw/mp_idb/Falciparum/img/1305121398-0016-S.jpg,mp_idb,infected,P_falciparum,0,P_falciparum,100.0,2592x1944,640x640,252.8210374321315,29.96667610762404,181.1519128975512,0.0001141133846466,0.005639185782147,images/P_falciparum/mp_idb_P_falciparum_000008.jpg
9,images/mp_idb_P_falciparum_1704282807-0009-R.jpg,data/raw/mp_idb/Falciparum/img/1704282807-0009-R.jpg,mp_idb,infected,P_falciparum,0,P_falciparum,70.0,2592x1944,640x640,7.717003462921116,20.336806687733045,143.24010646878017,0.0012594148503784,0.0,images/P_falciparum/mp_idb_P_falciparum_000009.jpg
10,images/mp_idb_P_falciparum_1305121398-0012-S.jpg,data/raw/mp_idb/Falciparum/img/1305121398-0012-S.jpg,mp_idb,infected,P_falciparum,0,P_falciparum,100.0,2592x1944,640x640,239.14914219820744,33.095417969230056,167.68797669626073,0.0001833752476756,0.0003232881801554,images/P_falciparum/mp_idb_P_falciparum_000010.jpg
11,images/mp_idb_P_falciparum_1704282807-0012-R_T.jpg,data/raw/mp_idb/Falciparum/img/1704282807-0012-R_T.jpg,mp_idb,infected,P_falciparum,0,P_falciparum,70.0,2592x1944,640x640,7.694016395837075,22.870924537784404,140.5157603483971,0.0013739251511456,0.0,images/P_falciparum/mp_idb_P_falciparum_000011.jpg
12,images/mp_idb_P_falciparum_1408290968-0002-R.jpg,data/raw/mp_idb/Falciparum/img/1408290968-0002-R.jpg,mp_idb,infected,P_falciparum,0,P_falciparum,100.0,2592x1944,640x640,139.69444667442147,27.14732638077201,172.50238149672305,0.0009732383274907,2.579954783315552e-06,images/P_falciparum/mp_idb_P_falciparum_000012.jpg
13,images/mp_idb_P_falciparum_1305121398-0004-R.jpg,data/raw/mp_idb/Falciparum/img/1305121398-0004-R.jpg,mp_idb,infected,P_falciparum,0,P_falciparum,100.0,2592x1944,640x640,269.8861290082672,33.15090153994589,171.11508999676116,0.0003135637352029,0.0041209816211959,images/P_falciparum/mp_idb_P_falciparum_000013.jpg
14,images/mp_idb_P_falciparum_1307210661-0001-R.jpg,data/raw/mp_idb/Falciparum/img/1307210661-0001-R.jpg,mp_idb,infected,P_falciparum,0,P_falciparum,100.0,2592x1944,640x640,211.87324556221947,23.824241725114224,154.22362313766956,0.000868452471676,0.0,images/P_falciparum/mp_idb_P_falciparum_000014.jpg
15,images/mp_idb_P_falciparum_1409191647-0007-R.jpg,data/raw/mp_idb/Falciparum/img/1409191647-0007-R.jpg,mp_idb,infected,P_falciparum,0,P_falciparum,100.0,2592x1944,640x640,127.7133804396908,20.625452544363544,135.4502519226617,0.0012171432835441,0.0,images/P_falciparum/mp_idb_P_falciparum_000015.jpg
16,images/mp_idb_P_falciparum_1409191647-0003-R.jpg,data/raw/mp_idb/Falciparum/img/1409191647-0003-R.jpg,mp_idb,infected,P_falciparum,0,P_falciparum,100.0,2592x1944,640x640,126.8489354838712,20.291821584707844,131.45347666768276,0.0012072203805314,0.0,images/P_falciparum/mp_idb_P_falciparum_000016.jpg
17,images/mp_idb_P_falciparum_1704282807-0016-R.jpg,data/raw/mp_idb/Falciparum/img/1704282807-0016-R.jpg,mp_idb,infected,P_falciparum,0,P_falciparum,70.0,2592x1944,640x640,8.366890814037069,30.09309717048394,177.6837027034751,0.001213174122339,0.0147773856246507,images/P_falciparum/mp_idb_P_falciparum_000017.jpg
18,images/mp_idb_P_falciparum_1405022890-0002-R.jpg,data/raw/mp_idb/Falciparum/img/1405022890-0002-R.jpg,mp_idb,infected,P_falciparum,0,P_falciparum,100.0,2592x1944,640x640,179.22725105554807,31.667874412536698,156.3750839477595,0.0006162122770919,0.0,images/P_falciparum/mp_idb_P_falciparum_000018.jpg
19,images/mp_idb_P_falciparum_1307210661-0008-R.jpg,data/raw/mp_idb/Falciparum/img/1307210661-0008-R.jpg,mp_idb,infected,P_falciparum,0,P_falciparum,100.0,2592x1944,640x640,212.39393081245868,20.766150000774807,155.25979251606717,0.0003490877279886,0.0,images/P_falciparum/mp_idb_P_falciparum_000019.jpg
20,images/mp_idb_P_falciparum_1409171742-0001-R.jpg,data/raw/mp_idb/Falciparum/img/1409171742-0001-R.jpg,mp_idb,infected,P_falciparum,0,P_falciparum,100.0,2592x1944,640x640,134.39112372114073,32.19927018011675,160.80368409604736,0.0010065792816135,0.0,images/P_falciparum/mp_idb_P_falciparum_000020.jpg
21,images/mp_idb_P_falciparum_1408290968-0001-R.jpg,data/raw/mp_idb/Falciparum/img/1408290968-0001-R.jpg,mp_idb,infected,P_falciparum,0,P_falciparum,100.0,2592x1944,640x640,239.00891481264807,26.78205416213396,194.5936200099705,0.0008898859421836,0.0988368770004572,images/P_falciparum/mp_idb_P_falciparum_000021.jpg
22,images/mp_idb_P_falciparum_1701151546-0007-R.jpg,data/raw/mp_idb/Falciparum/img/1701151546-0007-R.jpg,mp_idb,infected,P_falciparum,0,P_falciparum,70.0,2592x1944,640x640,8.398174063863351,33.5457967110773,158.47355744805162,0.0013465379388304,3.115791546004166e-05,images/P_falciparum/mp_idb_P_falciparum_000022.jpg
23,images/mp_idb_P_falciparum_1701151546-0005-R.jpg,data/raw/mp_idb/Falciparum/img/1701151546-0005-R.jpg,mp_idb,infected,P_falciparum,0,P_falciparum,70.0,2592x1944,640x640,8.812046073965291,35.6892516494494,160.57242230763856,0.0013219291393588,6.767419854696946e-05,images/P_falciparum/mp_idb_P_falciparum_000023.jpg
24,images/mp_idb_P_falciparum_1603223711-0001-G.jpg,data/raw/mp_idb/Falciparum/img/1603223711-0001-G.jpg,mp_idb,infected,P_falciparum,0,P_falciparum,100.0,2592x1944,640x640,85.68265049563857,26.27196700134005,145.3746096329955,0.0008648802265914,0.0,images/P_falciparum/mp_idb_P_falciparum_000024.jpg
25,images/mp_idb_P_falciparum_1704282807-0010-R.jpg,data/raw/mp_idb/Falciparum/img/1704282807-0010-R.jpg,mp_idb,infected,P_falciparum,0,P_falciparum,70.0,2592x1944,640x640,7.683750016118462,20.494852521233334,142.12092009919726,0.0013655899126149,0.0,images/P_falciparum/mp_idb_P_falciparum_000025.jpg
26,images/mp_idb_P_falciparum_1409191647-0005-R.jpg,data/raw/mp_idb/Falciparum/img/1409191647-0005-R.jpg,mp_idb,infected,P_falciparum,0,P_falciparum,100.0,2592x1944,640x640,126.7552647016782,20.63638549803134,132.19435910747853,0.001144706091551,0.0,images/P_falciparum/mp_idb_P_falciparum_000026.jpg
27,images/mp_idb_P_falciparum_1701151546-0001-R_T_S.jpg,data/raw/mp_idb/Falciparum/img/1701151546-0001-R_T_S.jpg,mp_idb,infected,P_falciparum,0,P_falciparum,70.0,2592x1944,640x640,8.477081052584813,32.30786345750974,167.18749087092922,0.0012554456891733,7.938322410201696e-07,images/P_falciparum/mp_idb_P_falciparum_000027.jpg
28,images/mp_idb_P_falciparum_1305121398-0010-S.jpg,data/raw/mp_idb/Falciparum/img/1305121398-0010-S.jpg,mp_idb,infected,P_falciparum,0,P_falciparum,100.0,2592x1944,640x640,242.2671418499057,29.79027028844328,168.0217956564675,0.0001534080805771,0.0003034423741299,images/P_falciparum/mp_idb_P_falciparum_000028.jpg
29,images/mp_idb_P_falciparum_1405022890-0004-R.jpg,data/raw/mp_idb/Falciparum/img/1405022890-0004-R.jpg,mp_idb,infected,P_falciparum,0,P_falciparum,100.0,2592x1944,640x640,187.56264211409348,33.13712673617378,156.55435170896206,0.0006840849336991,1.230439973581263e-05,images/P_falciparum/mp_idb_P_falciparum_000029.jpg
30,images/mp_idb_P_falciparum_1409171742-0003-R.jpg,data/raw/mp_idb/Falciparum/img/1409171742-0003-R.jpg,mp_idb,infected,P_falciparum,0,P_falciparum,80.0,2592x1944,640x640,131.14022344589398,33.25581973052353,198.2416147500381,0.0009406912056089,0.2830176659426917,images/P_falciparum/mp_idb_P_falciparum_000030.jpg
31,images/mp_idb_P_falciparum_1305121398-0014-S.jpg,data/raw/mp_idb/Falciparum/img/1305121398-0014-S.jpg,mp_idb,infected,P_falciparum,0,P_falciparum,100.0,2592x1944,640x640,272.79710485768493,32.452624863786355,170.89267388101408,0.0002109609180511,0.0005981525936086,images/P_falciparum/mp_idb_P_falciparum_000031.jpg
32,images/mp_idb_P_falciparum_1409191647-0006-R.jpg,data/raw/mp_idb/Falciparum/img/1409191647-0006-R.jpg,mp_idb,infected,P_falciparum,0,P_falciparum,100.0,2592x1944,640x640,127.02285410624408,20.89946141778793,133.6491321032109,0.0012187309480262,0.0,images/P_falciparum/mp_idb_P_falciparum_000032.jpg
33,images/mp_idb_P_falciparum_1409171742-0002-R.jpg,data/raw/mp_idb/Falciparum/img/1409171742-0002-R.jpg,mp_idb,infected,P_falciparum,0,P_falciparum,100.0,2592x1944,640x640,135.03253747305922,32.2214228722345,160.6085015860768,0.0009972517527815,3.373787024335721e-06,images/P_falciparum/mp_idb_P_falciparum_000033.jpg
34,images/mp_idb_P_falciparum_1409191647-0004-R.jpg,data/raw/mp_idb/Falciparum/img/1409191647-0004-R.jpg,mp_idb,infected,P_falciparum,0,P_falciparum,75.0,2592x1944,640x640,126.67013145480496,19.47146156378581,132.54358258078037,0.0011911452776507,0.0,images/P_falciparum/mp_idb_P_falciparum_000034.jpg
35,images/mp_idb_P_falciparum_1305121398-0013-S.jpg,data/raw/mp_idb/Falciparum/img/1305121398-0013-S.jpg,mp_idb,infected,P_falciparum,0,P_falciparum,100.0,2592x1944,640x640,241.319463719569,33.241134614239506,164.7780568098105,0.000317532896408,0.0001752384672052,images/P_falciparum/mp_idb_P_falciparum_000035.jpg
36,images/mp_idb_P_falciparum_1603223711-0004-R.jpg,data/raw/mp_idb/Falciparum/img/1603223711-0004-R.jpg,mp_idb,infected,P_falciparum,0,P_falciparum,100.0,2592x1944,640x640,79.65189065994572,25.24934796280862,144.73537046563024,0.0008095104277803,0.0,images/P_falciparum/mp_idb_P_falciparum_000036.jpg
37,images/mp_idb_P_falciparum_1305121398-0005-T.jpg,data/raw/mp_idb/Falciparum/img/1305121398-0005-T.jpg,mp_idb,infected,P_falciparum,0,P_falciparum,100.0,2592x1944,640x640,262.08159147103345,28.00366350782175,170.2778696638597,0.0002415234593303,9.02984174160443e-05,images/P_falciparum/mp_idb_P_falciparum_000037.jpg
38,images/mp_idb_P_falciparum_1305121398-0015-S.jpg,data/raw/mp_idb/Falciparum/img/1305121398-0015-S.jpg,mp_idb,infected,P_falciparum,0,P_falciparum,100.0,2592x1944,640x640,252.37669325341736,30.46496907821236,170.9890842113118,0.0002343789691612,0.0003475000635065,images/P_falciparum/mp_idb_P_falciparum_000038.jpg
39,images/mp_idb_P_falciparum_1701151546-0003-R.jpg,data/raw/mp_idb/Falciparum/img/1701151546-0003-R.jpg,mp_idb,infected,P_falciparum,0,P_falciparum,70.0,2592x1944,640x640,8.562732061096533,31.702098457455484,167.65252533912513,0.0011607811944317,5.953741807651273e-06,images/P_falciparum/mp_idb_P_falciparum_000039.jpg
40,images/mp_idb_P_falciparum_1409171742-0006-R.jpg,data/raw/mp_idb/Falciparum/img/1409171742-0006-R.jpg,mp_idb,infected,P_falciparum,0,P_falciparum,55.0,2592x1944,640x640,131.79320928204436,31.851816746817253,200.9966819796906,0.0008176472082507,0.3088241598079561,images/P_falciparum/mp_idb_P_falciparum_000040.jpg
41,images/mp_idb_P_falciparum_1409191647-0008-T.jpg,data/raw/mp_idb/Falciparum/img/1409191647-0008-T.jpg,mp_idb,infected,P_falciparum,0,P_falciparum,100.0,2592x1944,640x640,126.67394418230572,20.32810593713016,132.85901956161408,0.0011959082710968,0.0,images/P_falciparum/mp_idb_P_falciparum_000041.jpg
42,images/mp_idb_P_falciparum_1409191647-0001-R.jpg,data/raw/mp_idb/Falciparum/img/1409191647-0001-R.jpg,mp_idb,infected,P_falciparum,0,P_falciparum,100.0,2592x1944,640x640,135.3002511019826,23.51910513921351,149.84639127832392,0.0010609567901234,0.0,images/P_falciparum/mp_idb_P_falciparum_000042.jpg
43,images/mp_idb_P_falciparum_1307210661-0003-R.jpg,data/raw/mp_idb/Falciparum/img/1307210661-0003-R.jpg,mp_idb,infected,P_falciparum,0,P_falciparum,100.0,2592x1944,640x640,208.2165634637505,22.767884207896813,148.13384785570034,0.0009091363740283,0.0,images/P_falciparum/mp_idb_P_falciparum_000043.jpg
44,images/mp_idb_P_falciparum_1704282807-0001-R.jpg,data/raw/mp_idb/Falciparum/img/1704282807-0001-R.jpg,mp_idb,infected,P_falciparum,0,P_falciparum,70.0,2592x1944,640x640,7.769038594856317,24.727047455004115,144.73540043279735,0.0011818177488187,0.0,images/P_falciparum/mp_idb_P_falciparum_000044.jpg
45,images/mp_idb_P_falciparum_1701151546-0013-R_T.jpg,data/raw/mp_idb/Falciparum/img/1701151546-0013-R_T.jpg,mp_idb,infected,P_falciparum,0,P_falciparum,50.0,2592x1944,640x640,8.822485901420725,39.66542270298527,183.3726446997409,0.0011183111695371,0.2190599914901183,images/P_falciparum/mp_idb_P_falciparum_000045.jpg
46,images/mp_idb_P_falciparum_1405022890-0006-R.jpg,data/raw/mp_idb/Falciparum/img/1405022890-0006-R.jpg,mp_idb,infected,P_falciparum,0,P_falciparum,100.0,2592x1944,640x640,202.3293765284385,34.803544712687035,158.76345327344663,0.0006821003530965,1.7662767362698776e-05,images/P_falciparum/mp_idb_P_falciparum_000046.jpg
47,images/mp_idb_P_falciparum_1603223711-0002-T_G.jpg,data/raw/mp_idb/Falciparum/img/1603223711-0002-T_G.jpg,mp_idb,infected,P_falciparum,0,P_falciparum,100.0,2592x1944,640x640,78.76345398780057,24.590595620288223,146.0862161351166,0.0009021903419194,0.0,images/P_falciparum/mp_idb_P_falciparum_000047.jpg
48,images/mp_idb_P_falciparum_1305121398-0022-S.jpg,data/raw/mp_idb/Falciparum/img/1305121398-0022-S.jpg,mp_idb,infected,P_falciparum,0,P_falciparum,100.0,2592x1944,640x640,250.0716165316049,29.081841148962813,186.46292664513797,0.0001573772417822,0.01055935801199,images/P_falciparum/mp_idb_P_falciparum_000048.jpg
49,images/mp_idb_P_falciparum_1704282807-0018-R.jpg,data/raw/mp_idb/Falciparum/img/1704282807-0018-R.jpg,mp_idb,infected,P_falciparum,0,P_falciparum,50.0,2592x1944,640x640,8.366586660206664,34.54820897257623,178.88487051008485,0.0011671318523599,0.1343185982192755,images/P_falciparum/mp_idb_P_falciparum_000049.jpg
50,images/mp_idb_P_falciparum_1704282807-0020-R_T_S.jpg,data/raw/mp_idb/Falciparum/img/1704282807-0020-R_T_S.jpg,mp_idb,infected,P_falciparum,0,P_falciparum,45.0,2592x1944,640x640,7.419260180404607,19.845303680174307,127.3570806263654,0.0016073118300055,0.0,images/P_falciparum/mp_idb_P_falciparum_000050.jpg
51,images/mp_idb_P_falciparum_1701151546-0011-R_T.jpg,data/raw/mp_idb/Falciparum/img/1701151546-0011-R_T.jpg,mp_idb,infected,P_falciparum,0,P_falciparum,70.0,2592x1944,640x640,8.975934825370915,39.10061489368074,174.13542182657622,0.00121396795458,0.0204850394375857,images/P_falciparum/mp_idb_P_falciparum_000051.jpg
52,images/mp_idb_P_falciparum_1307210661-0005-R.jpg,data/raw/mp_idb/Falciparum/img/1307210661-0005-R.jpg,mp_idb,infected,P_falciparum,0,P_falciparum,100.0,2592x1944,640x640,205.56636119253372,23.563361783571565,144.87115289050195,0.0004344246938982,0.0,images/P_falciparum/mp_idb_P_falciparum_000052.jpg
53,images/mp_idb_P_falciparum_1307210661-0004-R.jpg,data/raw/mp_idb/Falciparum/img/1307210661-0004-R.jpg,mp_idb,infected,P_falciparum,0,P_falciparum,100.0,2592x1944,640x640,205.8011207752843,23.214544216324395,145.4164362568587,0.0006612622567698,0.0,images/P_falciparum/mp_idb_P_falciparum_000053.jpg
54,images/mp_idb_P_falciparum_1409171742-0004-R.jpg,data/raw/mp_idb/Falciparum/img/1409171742-0004-R.jpg,mp_idb,infected,P_falciparum,0,P_falciparum,80.0,2592x1944,640x640,129.65843590154375,34.36427332866289,198.991508971892,0.0008617048976273,0.3052904155870548,images/P_falciparum/mp_idb_P_falciparum_000054.jpg
55,images/mp_idb_P_falciparum_1704282807-0005-R.jpg,data/raw/mp_idb/Falciparum/img/1704282807-0005-R.jpg,mp_idb,infected,P_falciparum,0,P_falciparum,70.0,2592x1944,640x640,7.725017233022893,20.58451064002937,143.90869024030889,0.0013108154879845,0.0,images/P_falciparum/mp_idb_P_falciparum_000055.jpg
56,images/mp_idb_P_falciparum_1704282807-0017-R.jpg,data/raw/mp_idb/Falciparum/img/1704282807-0017-R.jpg,mp_idb,infected,P_falciparum,0,P_falciparum,50.0,2592x1944,640x640,8.516583498857639,30.452934689677782,184.3791279276533,0.0010377371970736,0.1188483955062744,images/P_falciparum/mp_idb_P_falciparum_000056.jpg
57,images/mp_idb_P_falciparum_1701151546-0009-R.jpg,data/raw/mp_idb/Falciparum/img/1701151546-0009-R.jpg,mp_idb,infected,P_falciparum,0,P_falciparum,70.0,2592x1944,640x640,8.21907864423884,33.54874591643672,158.9547152444368,0.001292557346441,0.0,images/P_falciparum/mp_idb_P_falciparum_000057.jpg
58,images/mp_idb_P_falciparum_1701151546-0008-R-T.jpg,data/raw/mp_idb/Falciparum/img/1701151546-0008-R-T.jpg,mp_idb,infected,P_falciparum,0,P_falciparum,70.0,2592x1944,640x640,8.35217287802994,32.37717598704776,160.01002927653306,0.001270726959813,0.0,images/P_falciparum/mp_idb_P_falciparum_000058.jpg
59,images/mp_idb_P_falciparum_1701151546-0002-R.jpg,data/raw/mp_idb/Falciparum/img/1701151546-0002-R.jpg,mp_idb,infected,P_falciparum,0,P_falciparum,70.0,2592x1944,640x640,8.316623230343064,33.51481340474421,164.31679344167557,0.0012024573870853,0.0,images/P_falciparum/mp_idb_P_falciparum_000059.jpg
60,images/mp_idb_P_falciparum_1305121398-0020-S.jpg,data/raw/mp_idb/Falciparum/img/1305121398-0020-S.jpg,mp_idb,infected,P_falciparum,0,P_falciparum,100.0,2592x1944,640x640,248.566195201176,30.895352030439557,181.84608803440787,9.486295280191027e-05,0.0062911205100848,images/P_falciparum/mp_idb_P_falciparum_000060.jpg
61,images/mp_idb_P_falciparum_1307210661-0010-R.jpg,data/raw/mp_idb/Falciparum/img/1307210661-0010-R.jpg,mp_idb,infected,P_falciparum,0,P_falciparum,100.0,2592x1944,640x640,212.3731508377603,22.19489391290697,151.42854299236652,0.0004737193898287,0.0,images/P_falciparum/mp_idb_P_falciparum_000061.jpg
62,images/mp_idb_P_falciparum_1305121398-0006-R.jpg,data/raw/mp_idb/Falciparum/img/1305121398-0006-R.jpg,mp_idb,infected,P_falciparum,0,P_falciparum,100.0,2592x1944,640x640,261.2352269148104,33.28066133637158,161.11495385453182,0.0004997173957221,8.851229487374892e-05,images/P_falciparum/mp_idb_P_falciparum_000062.jpg
63,images/mp_idb_P_falciparum_1305121398-0003-R.jpg,data/raw/mp_idb/Falciparum/img/1305121398-0003-R.jpg,mp_idb,infected,P_falciparum,0,P_falciparum,100.0,2592x1944,640x640,263.3216236589882,29.21002373116283,155.7189692961566,0.0003651628308692,5.159909566631103e-06,images/P_falciparum/mp_idb_P_falciparum_000063.jpg
64,images/mp_idb_P_falciparum_1701151546-0015-R_T.jpg,data/raw/mp_idb/Falciparum/img/1701151546-0015-R_T.jpg,mp_idb,infected,P_falciparum,0,P_falciparum,50.0,2592x1944,640x640,8.608448147336064,37.530368812478606,186.6157129566123,0.001083184092872,0.2247986047604531,images/P_falciparum/mp_idb_P_falciparum_000064.jpg
65,images/mp_idb_P_falciparum_1408161544-0001-S_R.jpg,data/raw/mp_idb/Falciparum/img/1408161544-0001-S_R.jpg,mp_idb,infected,P_falciparum,0,P_falciparum,100.0,2592x1944,640x640,155.40615532848753,25.27484979329231,167.08312316624753,0.0009982440430828,6.5491159884164e-06,images/P_falciparum/mp_idb_P_falciparum_000065.jpg
66,images/mp_idb_P_falciparum_1701151546-0012-R.jpg,data/raw/mp_idb/Falciparum/img/1701151546-0012-R.jpg,mp_idb,infected,P_falciparum,0,P_falciparum,70.0,2592x1944,640x640,8.801652164780045,33.97267935723781,156.07244929793475,0.0013471333130112,0.0,images/P_falciparum/mp_idb_P_falciparum_000066.jpg
67,images/mp_idb_P_falciparum_1704282807-0021-T_G_R.jpg,data/raw/mp_idb/Falciparum/img/1704282807-0021-T_G_R.jpg,mp_idb,infected,P_falciparum,0,P_falciparum,70.0,2592x1944,640x640,14.593867228455492,38.19499719121703,146.02342340947772,0.0024717951404765,1.984580602550424e-07,images/P_falciparum/mp_idb_P_falciparum_000067.jpg
68,images/mp_idb_P_falciparum_1305121398-0011-S.jpg,data/raw/mp_idb/Falciparum/img/1305121398-0011-S.jpg,mp_idb,infected,P_falciparum,0,P_falciparum,100.0,2592x1944,640x640,239.98802287739744,33.40140232322727,164.74570020766652,0.000642805657166,0.0001081596428389,images/P_falciparum/mp_idb_P_falciparum_000068.jpg
69,images/mp_idb_P_falciparum_1409191647-0009-R.jpg,data/raw/mp_idb/Falciparum/img/1409191647-0009-R.jpg,mp_idb,infected,P_falciparum,0,P_falciparum,100.0,2592x1944,640x640,126.06525431827735,22.38777614310371,130.17371272163797,0.0012292492252197,0.0,images/P_falciparum/mp_idb_P_falciparum_000069.jpg
70,images/mp_idb_P_falciparum_1409171742-0007-R.jpg,data/raw/mp_idb/Falciparum/img/1409171742-0007-R.jpg,mp_idb,infected,P_falciparum,0,P_falciparum,55.0,2592x1944,640x640,130.5305174693101,31.827471975096067,202.80915518785247,0.0009351343799217,0.3243142083269826,images/P_falciparum/mp_idb_P_falciparum_000070.jpg
71,images/mp_idb_P_falciparum_1305121398-0008-R.jpg,data/raw/mp_idb/Falciparum/img/1305121398-0008-R.jpg,mp_idb,infected,P_falciparum,0,P_falciparum,100.0,2592x1944,640x640,240.83605520506003,29.353220585058924,167.66061409274502,0.000138523726058,6.112508255855306e-05,images/P_falciparum/mp_idb_P_falciparum_000071.jpg
72,images/mp_idb_P_falciparum_1408290968-0003-R.jpg,data/raw/mp_idb/Falciparum/img/1408290968-0003-R.jpg,mp_idb,infected,P_falciparum,0,P_falciparum,100.0,2592x1944,640x640,137.6547644804229,27.513637452234143,172.22137361555656,0.0009730398694304,3.969161205100848e-07,images/P_falciparum/mp_idb_P_falciparum_000072.jpg
73,images/mp_idb_P_falciparum_1409191647-0002-R.jpg,data/raw/mp_idb/Falciparum/img/1409191647-0002-R.jpg,mp_idb,infected,P_falciparum,0,P_falciparum,100.0,2592x1944,640x640,135.95308955004302,21.19247158836099,151.52276353642736,0.0010055869913123,0.0,images/P_falciparum/mp_idb_P_falciparum_000073.jpg
74,images/mp_idb_P_falciparum_1704282807-0008-R.jpg,data/raw/mp_idb/Falciparum/img/1704282807-0008-R.jpg,mp_idb,infected,P_falciparum,0,P_falciparum,70.0,2592x1944,640x640,7.685933583183579,21.48903775399696,140.47076236473097,0.0013894048798455,0.0,images/P_falciparum/mp_idb_P_falciparum_000074.jpg
75,images/mp_idb_P_falciparum_1305121398-0007-R.jpg,data/raw/mp_idb/Falciparum/img/1305121398-0007-R.jpg,mp_idb,infected,P_falciparum,0,P_falciparum,100.0,2592x1944,640x640,257.10771877007267,32.79645635462119,158.1042379131103,0.000238149672306,0.0002712921683686,images/P_falciparum/mp_idb_P_falciparum_000075.jpg
76,images/mp_idb_P_falciparum_1704282807-0019-R_G.jpg,data/raw/mp_idb/Falciparum/img/1704282807-0019-R_G.jpg,mp_idb,infected,P_falciparum,0,P_falciparum,70.0,2592x1944,640x640,7.655637726206817,29.854235631214586,138.4860098975004,0.0014215550856068,0.0,images/P_falciparum/mp_idb_P_falciparum_000076.jpg
77,images/mp_idb_P_falciparum_1305121398-0018-S.jpg,data/raw/mp_idb/Falciparum/img/1305121398-0018-S.jpg,mp_idb,infected,P_falciparum,0,P_falciparum,100.0,2592x1944,640x640,249.5797713577809,28.71680614155396,184.00929617245848,8.871075293400396e-05,0.00747015984606,images/P_falciparum/mp_idb_P_falciparum_000077.jpg
78,images/mp_idb_P_falciparum_1603223711-0006-G.jpg,data/raw/mp_idb/Falciparum/img/1603223711-0006-G.jpg,mp_idb,infected,P_falciparum,0,P_falciparum,100.0,2592x1944,640x640,83.44978330995923,30.40737257000907,148.2359128515089,0.0008218148275161,0.0,images/P_falciparum/mp_idb_P_falciparum_000078.jpg
79,images/mp_idb_P_falciparum_1701151546-0010-R.jpg,data/raw/mp_idb/Falciparum/img/1701151546-0010-R.jpg,mp_idb,infected,P_falciparum,0,P_falciparum,70.0,2592x1944,640x640,8.256693117576754,31.42562243256952,163.4849707710969,0.0011508582914189,0.0,images/P_falciparum/mp_idb_P_falciparum_000079.jpg
80,images/mp_idb_P_falciparum_1405022890-0005-R.jpg,data/raw/mp_idb/Falciparum/img/1405022890-0005-R.jpg,mp_idb,infected,P_falciparum,0,P_falciparum,100.0,2592x1944,640x640,181.0364877148131,32.65347326405917,161.33417042943148,0.00077041418991,2.8181044556216023e-05,images/P_falciparum/mp_idb_P_falciparum_000080.jpg
81,images/mp_idb_P_falciparum_1701151546-0006-R_T.jpg,data/raw/mp_idb/Falciparum/img/1701151546-0006-R_T.jpg,mp_idb,infected,P_falciparum,0,P_falciparum,70.0,2592x1944,640x640,8.37545263944684,31.5522820496634,163.79470486111111,0.0011818177488187,0.0,images/P_falciparum/mp_idb_P_falciparum_000081.jpg
82,images/mp_idb_P_falciparum_1405022890-0001-R.jpg,data/raw/mp_idb/Falciparum/img/1405022890-0001-R.jpg,mp_idb,infected,P_falciparum,0,P_falciparum,100.0,2592x1944,640x640,180.627647096488,27.526045839855996,159.68059246875475,0.0005404012980744,0.0,images/P_falciparum/mp_idb_P_falciparum_000082.jpg
83,images/mp_idb_P_falciparum_1408161544-0003-R_S.jpg,data/raw/mp_idb/Falciparum/img/1408161544-0003-R_S.jpg,mp_idb,infected,P_falciparum,0,P_falciparum,100.0,2592x1944,640x640,156.51931821201714,29.379268171947466,167.04232673817506,0.0008841306584362,0.0002250514403292,images/P_falciparum/mp_idb_P_falciparum_000083.jpg
84,images/mp_idb_P_falciparum_1603223711-0003-G_R.jpg,data/raw/mp_idb/Falciparum/img/1603223711-0003-G_R.jpg,mp_idb,infected,P_falciparum,0,P_falciparum,100.0,2592x1944,640x640,79.3319560760129,26.10827608528617,143.11274918394045,0.0008273716532032,0.0,images/P_falciparum/mp_idb_P_falciparum_000084.jpg
85,images/mp_idb_P_falciparum_1603223711-0005-G.jpg,data/raw/mp_idb/Falciparum/img/1603223711-0005-G.jpg,mp_idb,infected,P_falciparum,0,P_falciparum,100.0,2592x1944,640x640,110.2614897613164,34.62330400457247,165.51960408410812,0.0008638879362901,0.001378092770411,images/P_falciparum/mp_idb_P_falciparum_000085.jpg
86,images/mp_idb_P_falciparum_1408161544-0002-R_S.jpg,data/raw/mp_idb/Falciparum/img/1408161544-0002-R_S.jpg,mp_idb,infected,P_falciparum,0,P_falciparum,100.0,2592x1944,640x640,150.75172219293475,23.84557487573344,159.29012583828683,0.0009325544251384,0.0,images/P_falciparum/mp_idb_P_falciparum_000086.jpg
87,images/mp_idb_P_falciparum_1307210661-0006-R.jpg,data/raw/mp_idb/Falciparum/img/1307210661-0006-R.jpg,mp_idb,infected,P_falciparum,0,P_falciparum,100.0,2592x1944,640x640,207.65609757833917,22.03231524725864,145.6145470155083,0.0005088464664939,0.0,images/P_falciparum/mp_idb_P_falciparum_000087.jpg
88,images/mp_idb_P_falciparum_1409171742-0005-R.jpg,data/raw/mp_idb/Falciparum/img/1409171742-0005-R.jpg,mp_idb,infected,P_falciparum,0,P_falciparum,55.0,2592x1944,640x640,132.03296103083315,32.85348281775555,200.28833673887365,0.0008351115175532,0.3059824388431642,images/P_falciparum/mp_idb_P_falciparum_000088.jpg
89,images/mp_idb_P_falciparum_1307210661-0009-R.jpg,data/raw/mp_idb/Falciparum/img/1307210661-0009-R.jpg,mp_idb,infected,P_falciparum,0,P_falciparum,100.0,2592x1944,640x640,213.6162856470118,20.832567840791963,157.16455804977645,0.0003911608367626,0.0,images/P_falciparum/mp_idb_P_falciparum_000089.jpg
90,images/mp_idb_P_falciparum_1305121398-0019-R.jpg,data/raw/mp_idb/Falciparum/img/1305121398-0019-R.jpg,mp_idb,infected,P_falciparum,0,P_falciparum,100.0,2592x1944,640x640,251.6543872969759,28.793426605188024,185.0997718129223,9.3473746380125e-05,0.0085710067062947,images/P_falciparum/mp_idb_P_falciparum_000090.jpg
91,images/mp_idb_P_falciparum_1307210661-0002-R.jpg,data/raw/mp_idb/Falciparum/img/1307210661-0002-R.jpg,mp_idb,infected,P_falciparum,0,P_falciparum,100.0,2592x1944,640x640,212.54375474358977,23.016236044353803,156.45551919803893,0.000484833041203,0.0,images/P_falciparum/mp_idb_P_falciparum_000091.jpg
92,images/mp_idb_P_falciparum_1305121398-0001-R_S.jpg,data/raw/mp_idb/Falciparum/img/1305121398-0001-R_S.jpg,mp_idb,infected,P_falciparum,0,P_falciparum,100.0,2592x1944,640x640,214.8735173360023,30.12534506486953,148.5363745840319,0.0004318447391149,0.0,images/P_falciparum/mp_idb_P_falciparum_000092.jpg
93,images/mp_idb_P_falciparum_1409171742-0009-R.jpg,data/raw/mp_idb/Falciparum/img/1409171742-0009-R.jpg,mp_idb,infected,P_falciparum,0,P_falciparum,80.0,2592x1944,640x640,131.6514536899791,33.166426725128424,196.3514781553244,0.0009109224965706,0.2745250501701976,images/P_falciparum/mp_idb_P_falciparum_000093.jpg
94,images/mp_idb_P_falciparum_1307210661-0007-R.jpg,data/raw/mp_idb/Falciparum/img/1307210661-0007-R.jpg,mp_idb,infected,P_falciparum,0,P_falciparum,100.0,2592x1944,640x640,212.35979454486636,22.13243915670153,153.19471097361938,0.0004542704999237,0.0,images/P_falciparum/mp_idb_P_falciparum_000094.jpg
95,images/mp_idb_P_falciparum_1704282807-0002-R.jpg,data/raw/mp_idb/Falciparum/img/1704282807-0002-R.jpg,mp_idb,infected,P_falciparum,0,P_falciparum,70.0,2592x1944,640x640,7.568782629613984,26.92946849243546,132.50598926580042,0.0013173646039729,0.0,images/P_falciparum/mp_idb_P_falciparum_000095.jpg
96,images/mp_idb_P_falciparum_1704282807-0006-R.jpg,data/raw/mp_idb/Falciparum/img/1704282807-0006-R.jpg,mp_idb,infected,P_falciparum,0,P_falciparum,70.0,2592x1944,640x640,7.708376695819576,20.39127521830904,143.54903382677946,0.0012558426052939,0.0,images/P_falciparum/mp_idb_P_falciparum_000096.jpg
97,images/mp_idb_P_falciparum_1704282807-0015-R.jpg,data/raw/mp_idb/Falciparum/img/1704282807-0015-R.jpg,mp_idb,infected,P_falciparum,0,P_falciparum,70.0,2592x1944,640x640,7.91864903355326,26.169490287126933,153.14712311226694,0.0013923817507493,0.0,images/P_falciparum/mp_idb_P_falciparum_000097.jpg
98,images/mp_idb_P_falciparum_1704282807-0014-R.jpg,data/raw/mp_idb/Falciparum/img/1704282807-0014-R.jpg,mp_idb,infected,P_falciparum,0,P_falciparum,70.0,2592x1944,640x640,7.945026825061258,27.06750459371354,154.37682184499317,0.001273108456536,0.0,images/P_falciparum/mp_idb_P_falciparum_000098.jpg
99,images/mp_idb_P_falciparum_1405022890-0003-R.jpg,data/raw/mp_idb/Falciparum/img/1405022890-0003-R.jpg,mp_idb,infected,P_falciparum,0,P_falciparum,100.0,2592x1944,640x640,183.323990735238,33.06936338866551,166.19679855395518,0.0005483396204846,8.09708885840573e-05,images/P_falciparum/mp_idb_P_falciparum_000099.jpg
100,images/mp_idb_P_falciparum_1701151546-0014-R.jpg,data/raw/mp_idb/Falciparum/img/1701151546-0014-R.jpg,mp_idb,infected,P_falciparum,0,P_falciparum,50.0,2592x1944,640x640,11.352079669451353,38.65645497564884,180.0935876613067,0.0011391492658639,0.2034586079992887,images/P_falciparum/mp_idb_P_falciparum_000100.jpg
101,images/mp_idb_P_falciparum_1305121398-0021-S.jpg,data/raw/mp_idb/Falciparum/img/1305121398-0021-S.jpg,mp_idb,infected,P_falciparum,0,P_falciparum,100.0,2592x1944,640x640,251.552412730382,28.66706153177233,185.4789483628004,0.0001022059010313,0.0110092624345882,images/P_falciparum/mp_idb_P_falciparum_000101.jpg
102,images/mp_idb_P_falciparum_1409191647-0010-R.jpg,data/raw/mp_idb/Falciparum/img/1409191647-0010-R.jpg,mp_idb,infected,P_falciparum,0,P_falciparum,100.0,2592x1944,640x640,127.17851232516816,21.56829048481811,132.39704749974598,0.0012758868693796,0.0,images/P_falciparum/mp_idb_P_falciparum_000102.jpg
103,images/mp_idb_P_falciparum_1704282807-0011-R_T.jpg,data/raw/mp_idb/Falciparum/img/1704282807-0011-R_T.jpg,mp_idb,infected,P_falciparum,0,P_falciparum,70.0,2592x1944,640x640,7.669886740565446,21.4363430826958,139.9815707876086,0.0014719634329116,0.0,images/P_falciparum/mp_idb_P_falciparum_000103.jpg
104,images/mp_idb_P_malariae_1401080976-0003-T.jpg,data/raw/mp_idb/Malariae/img/1401080976-0003-T.jpg,mp_idb,infected,P_malariae,2,P_malariae,100.0,2592x1944,640x640,133.11511596445845,32.3632108800914,146.81448358831224,0.000298877838744,0.0,images/P_malariae/mp_idb_P_malariae_000104.jpg
105,images/mp_idb_P_malariae_1312132815-0012-S.jpg,data/raw/mp_idb/Malariae/img/1312132815-0012-S.jpg,mp_idb,infected,P_malariae,2,P_malariae,55.0,2592x1944,640x640,140.8307140457357,26.87018324638274,203.435971674478,0.0001788107122897,0.2580760523040187,images/P_malariae/mp_idb_P_malariae_000105.jpg
106,images/mp_idb_P_malariae_1312132815-0015-S.jpg,data/raw/mp_idb/Malariae/img/1312132815-0015-S.jpg,mp_idb,infected,P_malariae,2,P_malariae,80.0,2592x1944,640x640,141.4760748914642,28.18762588065301,196.69107085587817,0.0001801999187115,0.1499279200325153,images/P_malariae/mp_idb_P_malariae_000106.jpg
107,images/mp_idb_P_malariae_1312132815-0014-S.jpg,data/raw/mp_idb/Malariae/img/1312132815-0014-S.jpg,mp_idb,infected,P_malariae,2,P_malariae,80.0,2592x1944,640x640,142.7361260343723,27.152123608442785,196.99316986739825,0.0002300128918355,0.1459940843621399,images/P_malariae/mp_idb_P_malariae_000107.jpg
108,images/mp_idb_P_malariae_1312132815-0009-G.jpg,data/raw/mp_idb/Malariae/img/1312132815-0009-G.jpg,mp_idb,infected,P_malariae,2,P_malariae,100.0,2592x1944,640x640,142.23826105200828,20.71545323228545,143.79665193314028,0.0005721545877152,0.0,images/P_malariae/mp_idb_P_malariae_000108.jpg
109,images/mp_idb_P_malariae_1401080976-0006-T.jpg,data/raw/mp_idb/Malariae/img/1401080976-0006-T.jpg,mp_idb,infected,P_malariae,2,P_malariae,100.0,2592x1944,640x640,134.58191434822317,34.39476719402077,145.54900743185743,0.0003012593354671,0.0,images/P_malariae/mp_idb_P_malariae_000109.jpg
110,images/mp_idb_P_malariae_1312132815-0004-G.jpg,data/raw/mp_idb/Malariae/img/1312132815-0004-G.jpg,mp_idb,infected,P_malariae,2,P_malariae,75.0,2592x1944,640x640,141.3615414856555,16.97642999002246,154.97538346066403,3.889777980998832e-05,0.0,images/P_malariae/mp_idb_P_malariae_000110.jpg
111,images/mp_idb_P_malariae_1401063467-0008-S.jpg,data/raw/mp_idb/Malariae/img/1401063467-0008-S.jpg,mp_idb,infected,P_malariae,2,P_malariae,100.0,2592x1944,640x640,158.43373752518085,34.41017751373483,154.0589343040314,0.0009585524310318,1.984580602550424e-07,images/P_malariae/mp_idb_P_malariae_000111.jpg
112,images/mp_idb_P_malariae_1312132815-0013-S.jpg,data/raw/mp_idb/Malariae/img/1312132815-0013-S.jpg,mp_idb,infected,P_malariae,2,P_malariae,80.0,2592x1944,640x640,141.08952997526765,28.18441499534604,197.6225573781944,0.0002395388787278,0.1711651155184677,images/P_malariae/mp_idb_P_malariae_000112.jpg
113,images/mp_idb_P_malariae_1312132815-0011-S.jpg,data/raw/mp_idb/Malariae/img/1312132815-0011-S.jpg,mp_idb,infected,P_malariae,2,P_malariae,100.0,2592x1944,640x640,142.6926146485901,29.573510752111613,193.70242245846669,0.0001925043184473,0.0842246084819387,images/P_malariae/mp_idb_P_malariae_000113.jpg
114,images/mp_idb_P_malariae_1312132815-0008-G.jpg,data/raw/mp_idb/Malariae/img/1312132815-0008-G.jpg,mp_idb,infected,P_malariae,2,P_malariae,100.0,2592x1944,640x640,192.88972742930795,27.477569286882588,134.75096946762434,0.0010615521643042,0.0,images/P_malariae/mp_idb_P_malariae_000114.jpg
115,images/mp_idb_P_malariae_1401063467-0002-T.jpg,data/raw/mp_idb/Malariae/img/1401063467-0002-T.jpg,mp_idb,infected,P_malariae,2,P_malariae,100.0,2592x1944,640x640,161.69603043005347,35.84873979687042,167.434367736435,0.0007628727836203,0.0011796347101559,images/P_malariae/mp_idb_P_malariae_000115.jpg
116,images/mp_idb_P_malariae_1312132815-0005-G.jpg,data/raw/mp_idb/Malariae/img/1312132815-0005-G.jpg,mp_idb,infected,P_malariae,2,P_malariae,75.0,2592x1944,640x640,110.21296800252264,14.980065848787842,144.82873704465783,0.0002004426408575,0.0,images/P_malariae/mp_idb_P_malariae_000116.jpg
117,images/mp_idb_P_malariae_1312132815-0017-T.jpg,data/raw/mp_idb/Malariae/img/1312132815-0017-T.jpg,mp_idb,infected,P_malariae,2,P_malariae,80.0,2592x1944,640x640,139.12973681857363,26.99613611118339,199.05216450268,0.0001504312096733,0.1926765800436925,images/P_malariae/mp_idb_P_malariae_000117.jpg
118,images/mp_idb_P_malariae_1401080976-0002-T.jpg,data/raw/mp_idb/Malariae/img/1401080976-0002-T.jpg,mp_idb,infected,P_malariae,2,P_malariae,100.0,2592x1944,640x640,134.81730950699665,30.962249416353465,151.20466602683788,0.0003111822384799,0.0,images/P_malariae/mp_idb_P_malariae_000118.jpg
119,images/mp_idb_P_malariae_1401063467-0004-R_T.jpg,data/raw/mp_idb/Malariae/img/1401063467-0004-R_T.jpg,mp_idb,infected,P_malariae,2,P_malariae,100.0,2592x1944,640x640,162.86798007901214,31.501795384611984,167.10721657013667,0.0008273716532032,0.0006037094192958,images/P_malariae/mp_idb_P_malariae_000119.jpg
120,images/mp_idb_P_malariae_1401080976-0001-T.jpg,data/raw/mp_idb/Malariae/img/1401080976-0001-T.jpg,mp_idb,infected,P_malariae,2,P_malariae,100.0,2592x1944,640x640,134.0089748824072,31.00417411619664,150.47192195517707,0.0004177542168368,0.0,images/P_malariae/mp_idb_P_malariae_000120.jpg
121,images/mp_idb_P_malariae_1312132815-0016-T.jpg,data/raw/mp_idb/Malariae/img/1312132815-0016-T.jpg,mp_idb,infected,P_malariae,2,P_malariae,55.0,2592x1944,640x640,138.0481990263297,25.375010393993588,202.89213983037396,0.0001657124803129,0.2098108535919321,images/P_malariae/mp_idb_P_malariae_000121.jpg
122,images/mp_idb_P_malariae_1401063467-0013-T.jpg,data/raw/mp_idb/Malariae/img/1401063467-0013-T.jpg,mp_idb,infected,P_malariae,2,P_malariae,100.0,2592x1944,640x640,164.54500531765325,37.489899247668255,159.62409939732257,0.0008795661230503,0.0002726813747904,images/P_malariae/mp_idb_P_malariae_000122.jpg
123,images/mp_idb_P_malariae_1312132815-0010-T.jpg,data/raw/mp_idb/Malariae/img/1312132815-0010-T.jpg,mp_idb,infected,P_malariae,2,P_malariae,80.0,2592x1944,640x640,141.93162830786451,23.515962387113177,199.7723682079713,0.0001653155641924,0.1490306911421023,images/P_malariae/mp_idb_P_malariae_000123.jpg
124,images/mp_idb_P_malariae_1401063467-0001-S.jpg,data/raw/mp_idb/Malariae/img/1401063467-0001-S.jpg,mp_idb,infected,P_malariae,2,P_malariae,100.0,2592x1944,640x640,188.99594575265655,37.9769974005628,163.53995893505817,0.0010409125260376,0.0012524688182695,images/P_malariae/mp_idb_P_malariae_000124.jpg
125,images/mp_idb_P_malariae_1401063467-0005-T.jpg,data/raw/mp_idb/Malariae/img/1401063467-0005-T.jpg,mp_idb,infected,P_malariae,2,P_malariae,100.0,2592x1944,640x640,161.99946161986256,32.26608505502998,167.0702934480262,0.0007523545064268,0.0015971904689325,images/P_malariae/mp_idb_P_malariae_000125.jpg
126,images/mp_idb_P_malariae_1312132815-0001-G.jpg,data/raw/mp_idb/Malariae/img/1312132815-0001-G.jpg,mp_idb,infected,P_malariae,2,P_malariae,75.0,2592x1944,640x640,172.77585814709562,19.16017909708732,195.2565149812021,4.425614743687446e-05,0.0085170261139054,images/P_malariae/mp_idb_P_malariae_000126.jpg
127,images/mp_idb_P_malariae_1312132815-0003-G.jpg,data/raw/mp_idb/Malariae/img/1312132815-0003-G.jpg,mp_idb,infected,P_malariae,2,P_malariae,75.0,2592x1944,640x640,140.8435216825445,19.099294349709584,146.303442572588,4.06839023522837e-05,0.0,images/P_malariae/mp_idb_P_malariae_000127.jpg
128,images/mp_idb_P_malariae_1401063467-0006-T.jpg,data/raw/mp_idb/Malariae/img/1401063467-0006-T.jpg,mp_idb,infected,P_malariae,2,P_malariae,100.0,2592x1944,640x640,160.8096740727354,31.386591341187746,158.60683811061577,0.0007102813976527,1.984580602550424e-07,images/P_malariae/mp_idb_P_malariae_000128.jpg
129,images/mp_idb_P_malariae_1401063467-0007-S.jpg,data/raw/mp_idb/Malariae/img/1401063467-0007-S.jpg,mp_idb,infected,P_malariae,2,P_malariae,100.0,2592x1944,640x640,159.35215911851222,32.859806151856446,158.211737881357,0.0006203798963572,3.969161205100848e-07,images/P_malariae/mp_idb_P_malariae_000129.jpg
130,images/mp_idb_P_malariae_1401063467-0011-G.jpg,data/raw/mp_idb/Malariae/img/1401063467-0011-G.jpg,mp_idb,infected,P_malariae,2,P_malariae,100.0,2592x1944,640x640,164.7624945562989,34.41804536061966,154.05922663275416,0.0007418362292333,3.969161205100848e-07,images/P_malariae/mp_idb_P_malariae_000130.jpg
131,images/mp_idb_P_malariae_1401063467-0012-S.jpg,data/raw/mp_idb/Malariae/img/1401063467-0012-S.jpg,mp_idb,infected,P_malariae,2,P_malariae,100.0,2592x1944,640x640,160.3932144450292,37.78174025692468,152.94741238473557,0.0012917635142,0.0001746430930244,images/P_malariae/mp_idb_P_malariae_000131.jpg
132,images/mp_idb_P_malariae_1401080976-0008-T.jpg,data/raw/mp_idb/Malariae/img/1401080976-0008-T.jpg,mp_idb,infected,P_malariae,2,P_malariae,100.0,2592x1944,640x640,140.5402419423265,37.0888564518671,158.19835724356042,0.0004052513590407,1.984580602550424e-07,images/P_malariae/mp_idb_P_malariae_000132.jpg
133,images/mp_idb_P_malariae_1401063467-0009-T.jpg,data/raw/mp_idb/Malariae/img/1401063467-0009-T.jpg,mp_idb,infected,P_malariae,2,P_malariae,100.0,2592x1944,640x640,165.34934652758065,34.66166356604116,154.0707745103643,0.0007791463445612,3.969161205100848e-06,images/P_malariae/mp_idb_P_malariae_000133.jpg
134,images/mp_idb_P_malariae_1401063467-0003-T.jpg,data/raw/mp_idb/Malariae/img/1401063467-0003-T.jpg,mp_idb,infected,P_malariae,2,P_malariae,100.0,2592x1944,640x640,161.58230771562705,33.73974310915815,167.0834613387822,0.0007618804933191,0.0023088610730071,images/P_malariae/mp_idb_P_malariae_000134.jpg
135,images/mp_idb_P_malariae_1401080976-0007-T.jpg,data/raw/mp_idb/Malariae/img/1401080976-0007-T.jpg,mp_idb,infected,P_malariae,2,P_malariae,100.0,2592x1944,640x640,136.24763720749908,35.87036317161751,155.97714398211656,0.0003135637352029,3.969161205100848e-07,images/P_malariae/mp_idb_P_malariae_000135.jpg
136,images/mp_idb_P_malariae_1401080976-0009-S_T.jpg,data/raw/mp_idb/Malariae/img/1401080976-0009-S_T.jpg,mp_idb,infected,P_malariae,2,P_malariae,100.0,2592x1944,640x640,135.87172224070352,32.1614630027041,150.8413756477671,0.000307411535335,0.0,images/P_malariae/mp_idb_P_malariae_000136.jpg
137,images/mp_idb_P_malariae_1401063467-0010-T.jpg,data/raw/mp_idb/Malariae/img/1401063467-0010-T.jpg,mp_idb,infected,P_malariae,2,P_malariae,100.0,2592x1944,640x640,158.13821486814717,35.03156092732142,153.53941674763757,0.0008517819946146,1.389206421785297e-06,images/P_malariae/mp_idb_P_malariae_000137.jpg
138,images/mp_idb_P_malariae_1401080976-0005-T.jpg,data/raw/mp_idb/Malariae/img/1401080976-0005-T.jpg,mp_idb,infected,P_malariae,2,P_malariae,100.0,2592x1944,640x640,134.9304780626286,33.144987424341814,146.37006037888025,0.0003006639612863,0.0,images/P_malariae/mp_idb_P_malariae_000138.jpg
139,images/mp_idb_P_malariae_1312132815-0002-T.jpg,data/raw/mp_idb/Malariae/img/1312132815-0002-T.jpg,mp_idb,infected,P_malariae,2,P_malariae,100.0,2592x1944,640x640,123.67769369626924,23.328018184042055,170.264534869875,3.969161205100848e-07,0.0,images/P_malariae/mp_idb_P_malariae_000139.jpg
140,images/mp_idb_P_malariae_1401080976-0004-T.jpg,data/raw/mp_idb/Malariae/img/1401080976-0004-T.jpg,mp_idb,infected,P_malariae,2,P_malariae,100.0,2592x1944,640x640,133.6560711659775,32.391305277461456,149.48836301472082,0.000318326728649,0.0,images/P_malariae/mp_idb_P_malariae_000140.jpg
141,images/mp_idb_P_ovale_1707180816-0010-T.jpg,data/raw/mp_idb/Ovale/img/1707180816-0010-T.jpg,mp_idb,infected,P_ovale,3,P_ovale,70.0,2592x1944,640x640,8.117567739897845,30.40508573598588,151.86508900447086,0.0011643534395163,0.0,images/P_ovale/mp_idb_P_ovale_000141.jpg
142,images/mp_idb_P_ovale_1708161076-0007-R.jpg,data/raw/mp_idb/Ovale/img/1708161076-0007-R.jpg,mp_idb,infected,P_ovale,3,P_ovale,50.0,2592x1944,640x640,9.041250298282948,30.7224557977466,189.49647558330796,0.0010081669460956,0.1367995224305238,images/P_ovale/mp_idb_P_ovale_000142.jpg
143,images/mp_idb_P_ovale_1707180816-0007-T.jpg,data/raw/mp_idb/Ovale/img/1707180816-0007-T.jpg,mp_idb,infected,P_ovale,3,P_ovale,70.0,2592x1944,640x640,8.18113786428288,29.342632318858307,151.86700035404917,0.0012234939414723,0.0,images/P_ovale/mp_idb_P_ovale_000143.jpg
144,images/mp_idb_P_ovale_1708161076-0009-R.jpg,data/raw/mp_idb/Ovale/img/1708161076-0009-R.jpg,mp_idb,infected,P_ovale,3,P_ovale,50.0,2592x1944,640x640,20.45914330621736,34.526137311795644,182.79156584997205,0.0010546061321952,0.147722455608901,images/P_ovale/mp_idb_P_ovale_000144.jpg
145,images/mp_idb_P_ovale_1708161076-0004-R.jpg,data/raw/mp_idb/Ovale/img/1708161076-0004-R.jpg,mp_idb,infected,P_ovale,3,P_ovale,50.0,2592x1944,640x640,8.90538443701093,32.85489647694025,184.32181978896764,0.0009551786440075,0.1222450052075395,images/P_ovale/mp_idb_P_ovale_000145.jpg
146,images/mp_idb_P_ovale_1708161076-0005-G.jpg,data/raw/mp_idb/Ovale/img/1708161076-0005-G.jpg,mp_idb,infected,P_ovale,3,P_ovale,50.0,2592x1944,640x640,9.265919963305066,31.81259235827409,193.8424034620612,0.0008936566453284,0.227035624015648,images/P_ovale/mp_idb_P_ovale_000146.jpg
147,images/mp_idb_P_ovale_1708161076-0002-R.jpg,data/raw/mp_idb/Ovale/img/1708161076-0002-R.jpg,mp_idb,infected,P_ovale,3,P_ovale,50.0,2592x1944,640x640,9.165307138800246,34.082558946719146,184.89111578678305,0.0009619262180561,0.1464304936366407,images/P_ovale/mp_idb_P_ovale_000147.jpg
148,images/mp_idb_P_ovale_1707180816-0016-R.jpg,data/raw/mp_idb/Ovale/img/1707180816-0016-R.jpg,mp_idb,infected,P_ovale,3,P_ovale,70.0,2592x1944,640x640,8.224638960687884,29.775489359955618,149.1775189487756,0.0012050373418686,0.0,images/P_ovale/mp_idb_P_ovale_000148.jpg
149,images/mp_idb_P_ovale_1707180816-0020-R_T.jpg,data/raw/mp_idb/Ovale/img/1707180816-0020-R_T.jpg,mp_idb,infected,P_ovale,3,P_ovale,70.0,2592x1944,640x640,8.143831705610117,29.60180302642023,148.37064047179038,0.0012219062769902,0.0,images/P_ovale/mp_idb_P_ovale_000149.jpg
150,images/mp_idb_P_ovale_1708161076-0001-R.jpg,data/raw/mp_idb/Ovale/img/1708161076-0001-R.jpg,mp_idb,infected,P_ovale,3,P_ovale,50.0,2592x1944,640x640,8.961769079351097,32.85171599491523,187.71118974019456,0.0010226543844942,0.1550134078265508,images/P_ovale/mp_idb_P_ovale_000150.jpg
151,images/mp_idb_P_ovale_1707180816-0009-T.jpg,data/raw/mp_idb/Ovale/img/1707180816-0009-T.jpg,mp_idb,infected,P_ovale,3,P_ovale,70.0,2592x1944,640x640,8.212688194408244,31.19377412056825,149.6548449169334,0.0011411338464664,0.0,images/P_ovale/mp_idb_P_ovale_000151.jpg
152,images/mp_idb_P_ovale_1707180816-0011-R_T.jpg,data/raw/mp_idb/Ovale/img/1707180816-0011-R_T.jpg,mp_idb,infected,P_ovale,3,P_ovale,70.0,2592x1944,640x640,8.830816232911138,26.453395313268835,159.76233813760606,0.0010359510745313,0.0,images/P_ovale/mp_idb_P_ovale_000152.jpg
153,images/mp_idb_P_ovale_1707180816-0012-T_R.jpg,data/raw/mp_idb/Ovale/img/1707180816-0012-T_R.jpg,mp_idb,infected,P_ovale,3,P_ovale,70.0,2592x1944,640x640,8.298766792549365,27.79597506531408,158.92024109478993,0.0009609339277549,0.0,images/P_ovale/mp_idb_P_ovale_000153.jpg
154,images/mp_idb_P_ovale_1708161076-0010-G.jpg,data/raw/mp_idb/Ovale/img/1708161076-0010-G.jpg,mp_idb,infected,P_ovale,3,P_ovale,50.0,2592x1944,640x640,9.092703062342716,33.32686625191607,186.66631857122897,0.0008843291164964,0.1694847711222882,images/P_ovale/mp_idb_P_ovale_000154.jpg
155,images/mp_idb_P_ovale_1707180816-0015-T.jpg,data/raw/mp_idb/Ovale/img/1707180816-0015-T.jpg,mp_idb,infected,P_ovale,3,P_ovale,70.0,2592x1944,640x640,8.15011916314486,29.209680369083863,152.40249318891938,0.0011712994716252,0.0,images/P_ovale/mp_idb_P_ovale_000155.jpg
156,images/mp_idb_P_ovale_1707180816-0013-T.jpg,data/raw/mp_idb/Ovale/img/1707180816-0013-T.jpg,mp_idb,infected,P_ovale,3,P_ovale,70.0,2592x1944,640x640,14.87130638627531,28.01299612585457,154.96450676821368,0.0010270204618198,0.0,images/P_ovale/mp_idb_P_ovale_000156.jpg
157,images/mp_idb_P_ovale_1707180816-0006-T.jpg,data/raw/mp_idb/Ovale/img/1707180816-0006-T.jpg,mp_idb,infected,P_ovale,3,P_ovale,70.0,2592x1944,640x640,8.229085370004961,30.031363883496013,152.38410604963676,0.0010893362927399,0.0,images/P_ovale/mp_idb_P_ovale_000157.jpg
158,images/mp_idb_P_ovale_1708161076-0003-R.jpg,data/raw/mp_idb/Ovale/img/1708161076-0003-R.jpg,mp_idb,infected,P_ovale,3,P_ovale,50.0,2592x1944,640x640,9.075925341493592,32.78273224535903,183.5446429421963,0.0009930841335162,0.1251061750622364,images/P_ovale/mp_idb_P_ovale_000158.jpg
159,images/mp_idb_P_ovale_1707180816-0001-G_R.jpg,data/raw/mp_idb/Ovale/img/1707180816-0001-G_R.jpg,mp_idb,infected,P_ovale,3,P_ovale,70.0,2592x1944,640x640,8.175363621010444,31.360433900360384,153.57063539126403,0.0011695133490829,0.0,images/P_ovale/mp_idb_P_ovale_000159.jpg
160,images/mp_idb_P_ovale_1707180816-0019-S.jpg,data/raw/mp_idb/Ovale/img/1707180816-0019-S.jpg,mp_idb,infected,P_ovale,3,P_ovale,70.0,2592x1944,640x640,10.845322012053938,26.994272646059063,153.01350546791647,0.0010296004166031,0.0,images/P_ovale/mp_idb_P_ovale_000160.jpg
161,images/mp_idb_P_ovale_1708161076-0008-G.jpg,data/raw/mp_idb/Ovale/img/1708161076-0008-G.jpg,mp_idb,infected,P_ovale,3,P_ovale,50.0,2592x1944,640x640,9.269971858145729,35.03815080971786,189.7447601118351,0.0010236466747955,0.2258159007773205,images/P_ovale/mp_idb_P_ovale_000161.jpg
162,images/mp_idb_P_ovale_1707180816-0004-R.jpg,data/raw/mp_idb/Ovale/img/1707180816-0004-R.jpg,mp_idb,infected,P_ovale,3,P_ovale,70.0,2592x1944,640x640,8.211731439478246,28.65019486262271,155.15942711508663,0.0009871303917085,0.0,images/P_ovale/mp_idb_P_ovale_000162.jpg
163,images/mp_idb_P_ovale_1707180816-0008-G.jpg,data/raw/mp_idb/Ovale/img/1707180816-0008-G.jpg,mp_idb,infected,P_ovale,3,P_ovale,70.0,2592x1944,640x640,8.027613167382855,30.573356735130712,149.81653524773915,0.0011268448661281,0.0,images/P_ovale/mp_idb_P_ovale_000163.jpg
164,images/mp_idb_P_ovale_1707180816-0017-G.jpg,data/raw/mp_idb/Ovale/img/1707180816-0017-G.jpg,mp_idb,infected,P_ovale,3,P_ovale,70.0,2592x1944,640x640,9.915450786406224,30.113372219697112,150.87030805453946,0.0011941221485545,0.0,images/P_ovale/mp_idb_P_ovale_000164.jpg
165,images/mp_idb_P_ovale_1708161076-0006-R.jpg,data/raw/mp_idb/Ovale/img/1708161076-0006-R.jpg,mp_idb,infected,P_ovale,3,P_ovale,50.0,2592x1944,640x640,9.441663950434137,33.24288474020842,192.05003008624195,0.0008767877102067,0.2435838509119544,images/P_ovale/mp_idb_P_ovale_000165.jpg
166,images/mp_idb_P_ovale_1707180816-0003-T.jpg,data/raw/mp_idb/Ovale/img/1707180816-0003-T.jpg,mp_idb,infected,P_ovale,3,P_ovale,70.0,2592x1944,640x640,8.290408815250595,27.563849268274367,155.8412228350607,0.0011331955240562,0.0,images/P_ovale/mp_idb_P_ovale_000166.jpg
167,images/mp_idb_P_ovale_1707180816-0005-T.jpg,data/raw/mp_idb/Ovale/img/1707180816-0005-T.jpg,mp_idb,infected,P_ovale,3,P_ovale,70.0,2592x1944,640x640,8.21078348509569,28.82610724842784,152.51586434042068,0.00096490308896,0.0,images/P_ovale/mp_idb_P_ovale_000167.jpg
168,images/mp_idb_P_ovale_1707180816-0002-T.jpg,data/raw/mp_idb/Ovale/img/1707180816-0002-T.jpg,mp_idb,infected,P_ovale,3,P_ovale,70.0,2592x1944,640x640,8.175930693444263,28.16619731009497,156.27173611904942,0.0010244405070365,0.0,images/P_ovale/mp_idb_P_ovale_000168.jpg
169,images/mp_idb_P_ovale_1707180816-0018-G.jpg,data/raw/mp_idb/Ovale/img/1707180816-0018-G.jpg,mp_idb,infected,P_ovale,3,P_ovale,70.0,2592x1944,640x640,8.152632853916302,28.847445768380634,151.1738109583778,0.0011800316262764,0.0,images/P_ovale/mp_idb_P_ovale_000169.jpg
170,images/mp_idb_P_vivax_1709041080-0021-R_T.jpg,data/raw/mp_idb/Vivax/img/1709041080-0021-R_T.jpg,mp_idb,infected,P_vivax,1,P_vivax,70.0,2592x1944,640x640,8.726348775908457,28.66971000944285,180.1948252854621,0.0009813751079611,1.4884354519128182e-05,images/P_vivax/mp_idb_P_vivax_000170.jpg
171,images/mp_idb_P_vivax_1709041080-0020-R.jpg,data/raw/mp_idb/Vivax/img/1709041080-0020-R.jpg,mp_idb,infected,P_vivax,1,P_vivax,70.0,2592x1944,640x640,8.484408846072533,30.11129526425809,177.20043688557385,0.0010210667200121,0.0003768718564243,images/P_vivax/mp_idb_P_vivax_000171.jpg
172,images/mp_idb_P_vivax_1709041080-0030-S.jpg,data/raw/mp_idb/Vivax/img/1709041080-0030-S.jpg,mp_idb,infected,P_vivax,1,P_vivax,50.0,2592x1944,640x640,9.356808851432737,34.06095942807034,196.8429381080755,0.0010143191459635,0.2969289805923893,images/P_vivax/mp_idb_P_vivax_000172.jpg
173,images/mp_idb_P_vivax_1703121298-0017-R.jpg,data/raw/mp_idb/Vivax/img/1703121298-0017-R.jpg,mp_idb,infected,P_vivax,1,P_vivax,70.0,2592x1944,640x640,8.232023830177448,29.551844435035378,164.41370329091097,0.0009966563786008,0.0,images/P_vivax/mp_idb_P_vivax_000173.jpg
174,images/mp_idb_P_vivax_1703121298-0016-G.jpg,data/raw/mp_idb/Vivax/img/1703121298-0016-G.jpg,mp_idb,infected,P_vivax,1,P_vivax,70.0,2592x1944,640x640,8.124469513160033,28.37661019048033,152.45700763349083,0.001014716062084,0.0,images/P_vivax/mp_idb_P_vivax_000174.jpg
175,images/mp_idb_P_vivax_1703121298-0010-G.jpg,data/raw/mp_idb/Vivax/img/1703121298-0010-G.jpg,mp_idb,infected,P_vivax,1,P_vivax,70.0,2592x1944,640x640,8.39804833603495,29.19122304002241,159.02434703329016,0.0010309896230249,0.0,images/P_vivax/mp_idb_P_vivax_000175.jpg
176,images/mp_idb_P_vivax_1709041080-0036-S_R.jpg,data/raw/mp_idb/Vivax/img/1709041080-0036-S_R.jpg,mp_idb,infected,P_vivax,1,P_vivax,50.0,2592x1944,640x640,9.25020050608787,34.85619413738709,199.55973805917543,0.0008835352842554,0.3291712708936646,images/P_vivax/mp_idb_P_vivax_000176.jpg
177,images/mp_idb_P_vivax_1709041080-0018-R.jpg,data/raw/mp_idb/Vivax/img/1709041080-0018-R.jpg,mp_idb,infected,P_vivax,1,P_vivax,70.0,2592x1944,640x640,8.522027492274807,29.55571421906029,179.23907289920237,0.0009865350175278,0.0006545146827211,images/P_vivax/mp_idb_P_vivax_000177.jpg
178,images/mp_idb_P_vivax_1709041080-0016-S.jpg,data/raw/mp_idb/Vivax/img/1709041080-0016-S.jpg,mp_idb,infected,P_vivax,1,P_vivax,50.0,2592x1944,640x640,8.856963910770892,31.71489155489349,195.6234018172408,0.0009688722501651,0.170656467510034,images/P_vivax/mp_idb_P_vivax_000178.jpg
179,images/mp_idb_P_vivax_1709041080-0014-R.jpg,data/raw/mp_idb/Vivax/img/1709041080-0014-R.jpg,mp_idb,infected,P_vivax,1,P_vivax,70.0,2592x1944,640x640,8.349861813486122,31.313542055193288,173.6757107973886,0.001252071902149,8.533696590966824e-06,images/P_vivax/mp_idb_P_vivax_000179.jpg
180,images/mp_idb_P_vivax_1703121298-0001-G_R.jpg,data/raw/mp_idb/Vivax/img/1703121298-0001-G_R.jpg,mp_idb,infected,P_vivax,1,P_vivax,70.0,2592x1944,640x640,8.031936888114092,30.56096116717495,152.09563019166285,0.0009577585987908,0.0,images/P_vivax/mp_idb_P_vivax_000180.jpg
181,images/mp_idb_P_vivax_1703121298-0011-R.jpg,data/raw/mp_idb/Vivax/img/1703121298-0011-R.jpg,mp_idb,infected,P_vivax,1,P_vivax,70.0,2592x1944,640x640,8.23850874839179,30.005897075470337,154.84970612330437,0.0010446832291825,0.0,images/P_vivax/mp_idb_P_vivax_000181.jpg
182,images/mp_idb_P_vivax_1709041080-0023-R.jpg,data/raw/mp_idb/Vivax/img/1709041080-0023-R.jpg,mp_idb,infected,P_vivax,1,P_vivax,50.0,2592x1944,640x640,9.37625888811391,36.11487561553341,196.6251936950668,0.0009279898897525,0.3228712197708682,images/P_vivax/mp_idb_P_vivax_000182.jpg
183,images/mp_idb_P_vivax_1709041080-0024-R.jpg,data/raw/mp_idb/Vivax/img/1709041080-0024-R.jpg,mp_idb,infected,P_vivax,1,P_vivax,50.0,2592x1944,640x640,9.055455275049878,34.903473131444244,197.49872788383377,0.0010097546105776,0.3038978353782451,images/P_vivax/mp_idb_P_vivax_000183.jpg
184,images/mp_idb_P_vivax_1703121298-0012-G_R.jpg,data/raw/mp_idb/Vivax/img/1703121298-0012-G_R.jpg,mp_idb,infected,P_vivax,1,P_vivax,70.0,2592x1944,640x640,8.221738450344919,28.408638464147582,151.86433208542906,0.0011191050017781,0.0,images/P_vivax/mp_idb_P_vivax_000184.jpg
185,images/mp_idb_P_vivax_1703121298-0015-R.jpg,data/raw/mp_idb/Vivax/img/1703121298-0015-R.jpg,mp_idb,infected,P_vivax,1,P_vivax,70.0,2592x1944,640x640,8.165574341613572,28.19447029340709,150.83953931533557,0.0011893591551084,0.0,images/P_vivax/mp_idb_P_vivax_000185.jpg
186,images/mp_idb_P_vivax_1709041080-0025-R_T.jpg,data/raw/mp_idb/Vivax/img/1709041080-0025-R_T.jpg,mp_idb,infected,P_vivax,1,P_vivax,50.0,2592x1944,640x640,9.343409402047673,36.719351940654256,196.06146107205456,0.0010698874028349,0.3138445533582279,images/P_vivax/mp_idb_P_vivax_000186.jpg
187,images/mp_idb_P_vivax_1709041080-0029-T.jpg,data/raw/mp_idb/Vivax/img/1709041080-0029-T.jpg,mp_idb,infected,P_vivax,1,P_vivax,50.0,2592x1944,640x640,8.965225412492732,35.8866205381885,196.03994762294877,0.0010567891708581,0.2820853099756135,images/P_vivax/mp_idb_P_vivax_000187.jpg
188,images/mp_idb_P_vivax_1703121298-0009-R.jpg,data/raw/mp_idb/Vivax/img/1703121298-0009-R.jpg,mp_idb,infected,P_vivax,1,P_vivax,70.0,2592x1944,640x640,8.367168681356446,30.60375699454082,158.6470719100874,0.0010105484428186,0.0,images/P_vivax/mp_idb_P_vivax_000188.jpg
189,images/mp_idb_P_vivax_1709041080-0013-R.jpg,data/raw/mp_idb/Vivax/img/1709041080-0013-R.jpg,mp_idb,infected,P_vivax,1,P_vivax,70.0,2592x1944,640x640,6.856214342852777,24.50169974688976,184.3357961978611,0.000246683368897,3.969161205100848e-06,images/P_vivax/mp_idb_P_vivax_000189.jpg
190,images/mp_idb_P_vivax_1709041080-0019-R.jpg,data/raw/mp_idb/Vivax/img/1709041080-0019-R.jpg,mp_idb,infected,P_vivax,1,P_vivax,70.0,2592x1944,640x640,8.461084929850967,30.412944351554945,178.63317667054056,0.0011183111695371,5.556825687141188e-05,images/P_vivax/mp_idb_P_vivax_000190.jpg
191,images/mp_idb_P_vivax_1703121298-0008-G.jpg,data/raw/mp_idb/Vivax/img/1703121298-0008-G.jpg,mp_idb,infected,P_vivax,1,P_vivax,70.0,2592x1944,640x640,8.319851245213524,29.20756629242132,159.8536486911294,0.000936126670223,0.0,images/P_vivax/mp_idb_P_vivax_000191.jpg
192,images/mp_idb_P_vivax_1703121298-0004-R.jpg,data/raw/mp_idb/Vivax/img/1703121298-0004-R.jpg,mp_idb,infected,P_vivax,1,P_vivax,70.0,2592x1944,640x640,8.200896079957085,30.1527960524782,159.09663855706702,0.0009422788700909,0.0,images/P_vivax/mp_idb_P_vivax_000192.jpg
193,images/mp_idb_P_vivax_1709041080-0027-R.jpg,data/raw/mp_idb/Vivax/img/1709041080-0027-R.jpg,mp_idb,infected,P_vivax,1,P_vivax,50.0,2592x1944,640x640,9.098987428525856,35.80951015156497,196.42876863918104,0.0008823445358939,0.3137985110882487,images/P_vivax/mp_idb_P_vivax_000193.jpg
194,images/mp_idb_P_vivax_1703121298-0002-S.jpg,data/raw/mp_idb/Vivax/img/1703121298-0002-S.jpg,mp_idb,infected,P_vivax,1,P_vivax,70.0,2592x1944,640x640,8.140868671046185,30.571883254576683,152.956965361924,0.0012985110882487,0.0,images/P_vivax/mp_idb_P_vivax_000194.jpg
195,images/mp_idb_P_vivax_1703121298-0007-R.jpg,data/raw/mp_idb/Vivax/img/1703121298-0007-R.jpg,mp_idb,infected,P_vivax,1,P_vivax,70.0,2592x1944,640x640,8.468265008627702,30.3880699016917,161.7271672017096,0.0009494233602601,0.0,images/P_vivax/mp_idb_P_vivax_000195.jpg
196,images/mp_idb_P_vivax_1709041080-0022-T.jpg,data/raw/mp_idb/Vivax/img/1709041080-0022-T.jpg,mp_idb,infected,P_vivax,1,P_vivax,70.0,2592x1944,640x640,8.767985489738598,26.9408315773272,182.80124187115783,0.000994473339938,8.057397246354722e-05,images/P_vivax/mp_idb_P_vivax_000196.jpg
197,images/mp_idb_P_vivax_1709041080-0015-R.jpg,data/raw/mp_idb/Vivax/img/1709041080-0015-R.jpg,mp_idb,infected,P_vivax,1,P_vivax,70.0,2592x1944,640x640,8.302712323708315,25.032907996040617,168.67747905870547,0.0010534153838337,0.0,images/P_vivax/mp_idb_P_vivax_000197.jpg
198,images/mp_idb_P_vivax_1709041080-0017-R.jpg,data/raw/mp_idb/Vivax/img/1709041080-0017-R.jpg,mp_idb,infected,P_vivax,1,P_vivax,70.0,2592x1944,640x640,8.62289199788059,28.755083901857123,182.7672263580882,0.0011445076334908,0.0020349889498552,images/P_vivax/mp_idb_P_vivax_000198.jpg
199,images/mp_idb_P_vivax_1703121298-0003-R.jpg,data/raw/mp_idb/Vivax/img/1703121298-0003-R.jpg,mp_idb,infected,P_vivax,1,P_vivax,70.0,2592x1944,640x640,8.176528513881133,29.86457550150924,154.15159655540313,0.0009793905273586,0.0,images/P_vivax/mp_idb_P_vivax_000199.jpg
200,images/mp_idb_P_vivax_1703121298-0005-R.jpg,data/raw/mp_idb/Vivax/img/1703121298-0005-R.jpg,mp_idb,infected,P_vivax,1,P_vivax,70.0,2592x1944,640x640,8.382649359931303,29.564499790070887,160.0419032286745,0.001044286313062,0.0,images/P_vivax/mp_idb_P_vivax_000200.jpg
201,images/mp_idb_P_vivax_1709041080-0028-T.jpg,data/raw/mp_idb/Vivax/img/1709041080-0028-T.jpg,mp_idb,infected,P_vivax,1,P_vivax,50.0,2592x1944,640x640,9.035753287667262,36.74053611051063,196.37020009335467,0.0009706583727074,0.3004133087562871,images/P_vivax/mp_idb_P_vivax_000201.jpg
202,images/mp_idb_P_vivax_1703121298-0006-R.jpg,data/raw/mp_idb/Vivax/img/1703121298-0006-R.jpg,mp_idb,infected,P_vivax,1,P_vivax,70.0,2592x1944,640x640,8.310294197224097,30.697740600871636,160.6662455386628,0.0009970532947213,0.0,images/P_vivax/mp_idb_P_vivax_000202.jpg
